# source: refs/1702.05337.pdf page 10, frame (106.07, 82.89, 263.6, 183.77)
# axes: x [0.0, 1.6], y [-0.002, 0.004]
# extracted by tools/digitize_figure.py; provenance in SOURCES.md
# curve xb1_theory1_q2_1p0: colour=(0.0, 0.0, 1.0) dash='[ 2.8781203 2.8781203 ] 0' points=319 x=[0.0050, 1.5950]
# curve xb1_theory1_q2_2p5: colour=(0.0, 0.0, 1.0) dash='[] 0' points=319 x=[0.0050, 1.5950]
# curve xb1_theory1_q2_5p0: colour=(0.0, 0.0, 1.0) dash='[ 1.15125 2.3025 ] 0' points=317 x=[0.0050, 1.5850]
# curve xb1_theory2_q2_1p0: colour=(0.037, 0.833, 0.0) dash='[ 2.8781203 2.8781203 ] 0' points=159 x=[0.0100, 1.5900]
# curve xb1_theory2_q2_2p5: colour=(0.037, 0.833, 0.0) dash='[] 0' points=159 x=[0.0100, 1.5900]
# curve xb1_theory2_q2_5p0: colour=(0.037, 0.833, 0.0) dash='[ 1.15125 2.3025 ] 0' points=159 x=[0.0100, 1.5900]
# x,xb1_theory1_q2_1p0,xb1_theory1_q2_2p5,xb1_theory1_q2_5p0,xb1_theory2_q2_1p0,xb1_theory2_q2_2p5,xb1_theory2_q2_5p0
0.00999437,2.47046e-05,3.07089e-05,5.37278e-05,1.0904e-06,-5.15348e-06,-1.94309e-05
0.0152621,2.05024e-05,2.53406e-05,4.59433e-05,7.60455e-06,-3.30943e-07,-1.40751e-05
0.0205298,1.72978e-05,2.13857e-05,4.01665e-05,1.38882e-05,4.2328e-06,-9.04453e-06
0.0257975,1.425e-05,1.76331e-05,3.51561e-05,1.81163e-05,6.48827e-06,-6.91522e-06
0.0310652,1.22803e-05,1.51257e-05,3.16953e-05,2.2142e-05,8.49711e-06,-5.10112e-06
0.0363329,1.02011e-05,1.22325e-05,2.78481e-05,2.53666e-05,9.52928e-06,-4.53534e-06
0.0416006,8.74613e-06,1.02803e-05,2.51186e-05,2.82988e-05,1.01735e-05,-4.44444e-06
0.0468683,6.87049e-06,7.55391e-06,2.15916e-05,3.05565e-05,9.92286e-06,-5.44895e-06
0.052136,5.01009e-06,4.54375e-06,1.75041e-05,3.29651e-05,9.77376e-06,-6.42671e-06
0.0574037,4.30365e-06,3.00856e-06,1.51774e-05,3.55952e-05,9.77376e-06,-7.36522e-06
0.0626715,3.70316e-06,1.59138e-06,1.3317e-05,3.7766e-05,9.04558e-06,-9.1286e-06
0.0679392,2.0808e-06,-1.34743e-06,9.50393e-06,3.94882e-05,7.60629e-06,-1.16975e-05
0.0732069,3.55843e-07,-4.56345e-06,5.23957e-06,4.10605e-05,5.84221e-06,-1.47046e-05
0.0784746,-6.94775e-07,-6.85026e-06,2.27753e-06,4.25357e-05,3.86761e-06,-1.79956e-05
0.0837423,-1.68633e-06,-8.83766e-06,-5.24498e-07,4.36539e-05,1.53603e-06,-2.17318e-05
0.08901,-3.32369e-06,-1.18939e-05,-4.23383e-06,4.46259e-05,-9.41744e-07,-2.56503e-05
0.0942777,-5.04196e-06,-1.48703e-05,-7.97793e-06,4.54434e-05,-3.7466e-06,-3.00236e-05
0.0995454,-6.24612e-06,-1.71004e-05,-1.09689e-05,4.62252e-05,-6.6271e-06,-3.4502e-05
0.104813,-7.49012e-06,-1.96333e-05,-1.4025e-05,4.66073e-05,-1.008e-05,-3.95232e-05
0.110081,-9.64605e-06,-2.29252e-05,-1.79978e-05,4.69423e-05,-1.35991e-05,-4.46078e-05
0.115349,-1.18953e-05,-2.64614e-05,-2.19631e-05,4.66288e-05,-1.79533e-05,-5.05274e-05
0.120616,-1.39945e-05,-2.93644e-05,-2.52539e-05,4.63226e-05,-2.22539e-05,-5.63866e-05
0.125884,-1.59394e-05,-3.20463e-05,-2.82861e-05,4.60719e-05,-2.614e-05,-6.17785e-05
0.131152,-1.83849e-05,-3.50352e-05,-3.12953e-05,4.55693e-05,-3.02988e-05,-6.7429e-05
0.136419,-2.1605e-05,-3.85701e-05,-3.49929e-05,4.41592e-05,-3.54399e-05,-7.40109e-05
0.141687,-2.50688e-05,-4.24177e-05,-3.86103e-05,4.2629e-05,-4.06296e-05,-8.05711e-05
0.146955,-2.85532e-05,-4.59349e-05,-4.19378e-05,4.08437e-05,-4.59223e-05,-8.70852e-05
0.152222,-3.22103e-05,-4.93325e-05,-4.50435e-05,3.87552e-05,-5.13992e-05,-9.37312e-05
0.15749,-3.651e-05,-5.30754e-05,-4.82607e-05,3.62493e-05,-5.71296e-05,-0.000100559
0.162758,-4.14461e-05,-5.72238e-05,-5.17149e-05,3.32361e-05,-6.32404e-05,-0.000107684
0.168026,-4.68007e-05,-6.13077e-05,-5.50802e-05,2.97576e-05,-6.96999e-05,-0.000115083
0.173293,-5.2392e-05,-6.53699e-05,-5.81828e-05,2.58506e-05,-7.62316e-05,-0.000122359
0.178561,-5.83641e-05,-6.95435e-05,-6.11877e-05,2.16856e-05,-8.28068e-05,-0.000129562
0.183829,-6.50964e-05,-7.38789e-05,-6.43326e-05,1.66754e-05,-8.99336e-05,-0.000137156
0.189096,-7.24465e-05,-7.84138e-05,-6.74812e-05,1.13447e-05,-9.72695e-05,-0.0001449
0.194364,-8.02565e-05,-8.29829e-05,-7.04551e-05,5.21632e-06,-0.000104833,-0.000152584
0.199632,-8.85389e-05,-8.75585e-05,-7.31827e-05,-1.07796e-06,-0.000112445,-0.000160257
0.2049,-9.72694e-05,-9.20698e-05,-7.56981e-05,-8.39639e-06,-0.000120468,-0.000167967
0.210167,-0.000106883,-9.68994e-05,-7.82095e-05,-1.58336e-05,-0.000128539,-0.000175686
0.215435,-0.00011714,-0.000101678,-8.07036e-05,-2.45074e-05,-0.000137089,-0.000183609
0.220703,-0.000127902,-0.000106605,-8.29937e-05,-3.33347e-05,-0.000145675,-0.000191502
0.22597,-0.00013922,-0.000111443,-8.509e-05,-4.3169e-05,-0.000154506,-0.000199205
0.231238,-0.000151339,-0.000116309,-8.70016e-05,-5.33315e-05,-0.000163432,-0.00020696
0.236506,-0.000163986,-0.000121134,-8.8765e-05,-6.45744e-05,-0.00017267,-0.000214885
0.241774,-0.000177261,-0.000125912,-9.03725e-05,-7.62022e-05,-0.000181998,-0.000222709
0.247041,-0.000191085,-0.000130644,-9.17478e-05,-8.8598e-05,-0.000191505,-0.000230332
0.252309,-0.000205327,-0.00013533,-9.2703e-05,-0.000101476,-0.000201046,-0.000237812
0.257577,-0.000220039,-0.00013984,-9.33642e-05,-0.000114973,-0.00021063,-0.00024511
0.262844,-0.000235377,-0.000144152,-9.3797e-05,-0.000129128,-0.000220281,-0.000252255
0.268112,-0.000251148,-0.000148274,-9.39509e-05,-0.000143846,-0.000229989,-0.00025927
0.27338,-0.000267412,-0.000152309,-9.37525e-05,-0.000159327,-0.000239697,-0.000266024
0.278648,-0.000284137,-0.000156143,-9.32238e-05,-0.000175238,-0.000249405,-0.000272632
0.283915,-0.000301366,-0.000159718,-9.24577e-05,-0.000192041,-0.000259122,-0.000278943
0.289183,-0.000318982,-0.000163031,-9.1294e-05,-0.000209156,-0.000268842,-0.00028515
0.294451,-0.000336926,-0.000166237,-8.98258e-05,-0.000227039,-0.0002784,-0.000290908
0.299718,-0.000355032,-0.000168874,-8.7931e-05,-0.000245065,-0.000287929,-0.000296583
0.304986,-0.000373294,-0.000171379,-8.56369e-05,-0.000263903,-0.000297182,-0.000301688
0.310254,-0.000391789,-0.000173194,-8.29879e-05,-0.000282819,-0.000306399,-0.000306729
0.315521,-0.000410255,-0.000174781,-7.9946e-05,-0.000302359,-0.0003152,-0.000311114
0.320789,-0.000428778,-0.000175962,-7.64987e-05,-0.000321977,-0.000323932,-0.000315392
0.326057,-0.000447129,-0.00017664,-7.25653e-05,-0.000342043,-0.000332272,-0.00031906
0.331325,-0.000465471,-0.000176907,-6.81248e-05,-0.000362196,-0.00034046,-0.000322531
0.336592,-0.000483571,-0.000176638,-6.34041e-05,-0.000382614,-0.000348194,-0.000325411
0.34186,-0.000501412,-0.000175841,-5.81715e-05,-0.000403083,-0.000355722,-0.000328007
0.347128,-0.000518838,-0.000174636,-5.2527e-05,-0.000423645,-0.00036287,-0.000330075
0.352395,-0.000535866,-0.000172775,-4.65027e-05,-0.000444162,-0.000369656,-0.000331744
0.357663,-0.00055232,-0.000170426,-4.00261e-05,-0.000464622,-0.000376007,-0.000332934
0.362931,-0.000568168,-0.000167448,-3.30107e-05,-0.000484892,-0.000381918,-0.000333621
0.368199,-0.000583381,-0.000163841,-2.55766e-05,-0.000505008,-0.000387472,-0.000333903
0.373466,-0.000597676,-0.000159688,-1.7812e-05,-0.000524767,-0.00039236,-0.000333547
0.378734,-0.000611161,-0.000154878,-9.56369e-06,-0.000544341,-0.000396902,-0.000332858
0.384002,-0.000623628,-0.000149253,-9.36671e-07,-0.000563177,-0.000400682,-0.000331505
0.389269,-0.000635038,-0.000143222,8.02773e-06,-0.000581779,-0.00040422,-0.000329939
0.394537,-0.000645291,-0.000136441,1.75942e-05,-0.000599466,-0.000406816,-0.00032754
0.399805,-0.000654338,-0.000128873,2.75161e-05,-0.000617003,-0.000409257,-0.000325003
0.405073,-0.000661968,-0.000120615,3.78504e-05,-0.000633188,-0.000410528,-0.000321474
0.41034,-0.000668068,-0.000111684,4.8454e-05,-0.000649217,-0.000411679,-0.000317846
0.415608,-0.000672615,-0.000101926,5.95711e-05,-0.000663714,-0.00041171,-0.000313326
0.420876,-0.000675605,-9.14267e-05,7.11661e-05,-0.000677885,-0.000411528,-0.000308647
0.426143,-0.000676856,-8.03221e-05,8.28408e-05,-0.000690413,-0.000410274,-0.000303167
0.431411,-0.00067625,-6.84842e-05,9.4973e-05,-0.000702381,-0.00040867,-0.000297428
0.436679,-0.000673753,-5.59121e-05,0.00010743,-0.00071281,-0.000406103,-0.000290977
0.441946,-0.000669362,-4.2579e-05,0.00012024,-0.000722387,-0.000403054,-0.000284193
0.447214,-0.000662925,-2.85454e-05,0.000133393,-0.000730497,-0.000399172,-0.000276834
0.452482,-0.000654393,-1.37995e-05,0.000146704,-0.000737453,-0.000394671,-0.000269076
0.45775,-0.000643755,1.60406e-06,0.000160348,-0.000743095,-0.000389467,-0.000260864
0.463017,-0.000630959,1.76489e-05,0.000174236,-0.000747234,-0.000383515,-0.000252189
0.468285,-0.000615946,3.43581e-05,0.00018824,-0.00075024,-0.000377001,-0.000243167
0.473553,-0.000598664,5.17589e-05,0.000202443,-0.00075148,-0.000369598,-0.000233615
0.47882,-0.00057913,6.97392e-05,0.000216874,-0.000751855,-0.000361761,-0.000223804
0.484088,-0.000557195,8.83152e-05,0.000231477,-0.00075005,-0.000352961,-0.000213443
0.489356,-0.000532939,0.000107569,0.000246247,-0.000747609,-0.00034388,-0.000202923
0.494624,-0.000506269,0.000127382,0.000261045,-0.000742695,-0.000333746,-0.000191787
0.499891,-0.000477159,0.000147723,0.000276073,-0.000737428,-0.000323462,-0.000180563
0.505159,-0.000445548,0.000168665,0.000291179,-0.000729443,-0.000311967,-0.000168769
0.510427,-0.000411638,0.000190155,0.000306152,-0.000721179,-0.000300359,-0.000156921
0.515694,-0.00037524,0.000212047,0.000321367,-0.000710374,-0.000287736,-0.000144583
0.520962,-0.000336543,0.000234513,0.000336475,-0.000699086,-0.000274917,-0.00013216
0.52623,-0.000295462,0.000257362,0.000351674,-0.000685588,-0.000261201,-0.000119352
0.531498,-0.000252055,0.000280646,0.000366754,-0.000671375,-0.000247209,-0.000106426
0.536765,-0.000206402,0.00030434,0.000381832,-0.000655326,-0.000232506,-9.31969e-05
0.542033,-0.000158559,0.000328364,0.000396828,-0.000638316,-0.00021748,-7.98719e-05
0.547301,-0.000108498,0.000352664,0.000411686,-0.000619756,-0.000201932,-6.63922e-05
0.552568,-5.63312e-05,0.000377173,0.000426454,-0.000600127,-0.000185996,-5.27819e-05
0.557836,-2.18566e-06,0.000401978,0.000441076,-0.000579366,-0.000169647,-3.90331e-05
0.563104,5.38879e-05,0.000426927,0.000455506,-0.000557373,-0.000152915,-2.52305e-05
0.568371,0.000111915,0.000452106,0.000469735,-0.000534513,-0.000135911,-1.13899e-05
0.573639,0.0001718,0.000477454,0.000483837,-0.000510386,-0.000118528,2.52726e-06
0.578907,0.000233305,0.000502711,0.000497637,-0.000485683,-0.000100973,1.64793e-05
0.584175,0.000296474,0.000528064,0.000511162,-0.000459689,-8.31346e-05,3.03677e-05
0.589442,0.000360988,0.000553308,0.000524409,-0.000433351,-6.52206e-05,4.4239e-05
0.59471,0.000426974,0.000578571,0.000537355,-0.000405734,-4.69856e-05,5.79863e-05
0.599978,0.00049424,0.000603658,0.000549975,-0.00037796,-2.87113e-05,7.17183e-05
0.605245,0.000562669,0.000628621,0.000562225,-0.000349156,-1.03907e-05,8.52487e-05
0.610513,0.000632216,0.000653414,0.000574103,-0.000320254,7.935e-06,9.87523e-05
0.615781,0.000702677,0.000677857,0.000585566,-0.000290472,2.63072e-05,0.000112012
0.621049,0.000774039,0.000702098,0.00059667,-0.000260573,4.46565e-05,0.000125189
0.626316,0.000845978,0.000725931,0.000607327,-0.000230195,6.29124e-05,0.00013803
0.631584,0.000918397,0.000749314,0.000617464,-0.000199706,8.10756e-05,0.00015074
0.636852,0.000991347,0.000772362,0.00062719,-0.000168953,9.90199e-05,0.000163141
0.642119,0.00106453,0.000794907,0.000636484,-0.000138125,0.000116809,0.000175347
0.647387,0.00113803,0.000816848,0.000645254,-0.000107185,0.000134364,0.000187258
0.652655,0.00121156,0.000838206,0.000653518,-7.62907e-05,0.000151652,0.000198871
0.657923,0.00128511,0.000858958,0.000661269,-4.54434e-05,0.000168676,0.000210189
0.66319,0.00135845,0.000879049,0.000668488,-1.47663e-05,0.000185272,0.000221082
0.668458,0.00143153,0.000898418,0.000675135,1.57991e-05,0.000201588,0.000231698
0.673726,0.00150415,0.000916985,0.000681186,4.60103e-05,0.00021733,0.000241829
0.678993,0.00157634,0.000934826,0.000686747,7.6073e-05,0.000232831,0.000251757
0.684261,0.00164794,0.00095175,0.000691696,0.000105608,0.000247626,0.000261079
0.689529,0.0017187,0.000967763,0.000695979,0.000135015,0.00026225,0.000270253
0.694796,0.00178867,0.000982944,0.000699781,0.000163651,0.000275951,0.000278642
0.700064,0.00185779,0.000997087,0.00070282,0.000192199,0.000289547,0.000286942
0.705332,0.00192575,0.00101019,0.000705293,0.000219755,0.000302024,0.000294372
0.7106,0.00199251,0.00102225,0.000707159,0.000247175,0.00031437,0.000301702
0.715867,0.00205793,0.00103336,0.000708321,0.000273512,0.000325674,0.000308247
0.721135,0.00212195,0.00104341,0.00070889,0.000299577,0.000336719,0.000314592
0.726403,0.00218451,0.00105235,0.000708835,0.00032463,0.000346804,0.000320199
0.73167,0.00224555,0.00106025,0.000708093,0.00034922,0.000356489,0.000325512
0.736938,0.00230482,0.00106704,0.000706738,0.000372794,0.000365298,0.000330185
0.742206,0.00236244,0.00107274,0.000704721,0.000395745,0.000373595,0.000334424
0.747474,0.00241803,0.00107741,0.000702076,0.000417822,0.000381174,0.000338056
0.752741,0.00247161,0.00108096,0.00069884,0.000439053,0.000388092,0.000341187
0.758009,0.00252317,0.00108343,0.000694938,0.000459494,0.000394393,0.00034385
0.763277,0.00257251,0.00108488,0.000690392,0.000478803,0.000399929,0.00034591
0.768544,0.0026195,0.00108527,0.000685218,0.000497419,0.000404997,0.0003476
0.773812,0.00266427,0.00108462,0.000679425,0.000514766,0.000409196,0.000348573
0.77908,0.0027067,0.00108295,0.000673071,0.000531617,0.000413056,0.000349264
0.784348,0.00274657,0.0010803,0.000666108,0.000546945,0.000415905,0.000349155
0.789615,0.00278386,0.0010766,0.000658532,0.000561946,0.000418537,0.000348874
0.794883,0.00281853,0.00107203,0.000650378,0.000575152,0.000420125,0.000347753
0.800151,0.00285045,0.00106652,0.000641724,0.000588165,0.000421602,0.000346539
0.805418,0.00287965,0.00106006,0.000632465,0.000599345,0.000422072,0.000344409
0.810686,0.00290597,0.00105268,0.000622649,0.000610289,0.000422405,0.000342174
0.815954,0.00292952,0.00104441,0.000612377,0.00061959,0.000421778,0.000339198
0.821221,0.0029503,0.00103532,0.000601729,0.000628448,0.000420931,0.000336043
0.826489,0.00296819,0.00102538,0.000590509,0.000635791,0.000419332,0.000332277
0.831757,0.00298322,0.00101463,0.000578897,0.000642517,0.000417411,0.000328266
0.837025,0.0029954,0.00100306,0.00056688,0.000647997,0.000414842,0.000323757
0.842292,0.00300477,0.000990795,0.000554529,0.000652721,0.000411909,0.00031895
0.84756,0.00301124,0.000977782,0.000541882,0.000656448,0.000408495,0.000313751
0.852828,0.00301488,0.000964066,0.000528926,0.000659257,0.000404631,0.000308269
0.858095,0.00301579,0.000949698,0.000515656,0.00066126,0.000400372,0.000302538
0.863363,0.00301393,0.000934621,0.000502111,0.000662213,0.000395614,0.000296466
0.868631,0.0030094,0.000918947,0.000488429,0.000662557,0.000390567,0.000290196
0.873899,0.00300222,0.00090268,0.000474568,0.000661726,0.000385063,0.000283677
0.879166,0.00299248,0.000885885,0.000460673,0.000660474,0.000379396,0.00027707
0.884434,0.00298026,0.000868542,0.000446603,0.000658039,0.000373197,0.000270142
0.889702,0.00296565,0.000850832,0.000432436,0.000655374,0.000366894,0.000263153
0.894969,0.00294864,0.000832652,0.000418297,0.000651594,0.000360129,0.000256021
0.900237,0.00292933,0.000814084,0.000404126,0.000647693,0.000353316,0.000248872
0.905505,0.0029079,0.000795133,0.000389968,0.000642615,0.000346074,0.000241536
0.910773,0.00288439,0.000775975,0.000375933,0.000637399,0.000338792,0.000234192
0.91604,0.00285903,0.00075655,0.000361968,0.000631355,0.000331277,0.000226801
0.921308,0.00283182,0.000736923,0.000348121,0.00062509,0.000323685,0.00021941
0.926576,0.0028029,0.000717242,0.000334435,0.000618138,0.000315855,0.000212021
0.931843,0.00277252,0.000697333,0.000320911,0.000610934,0.000308002,0.00020466
0.937111,0.00274056,0.000677446,0.000307593,0.000603252,0.000300104,0.000197355
0.942379,0.00270724,0.000657502,0.000294511,0.000595305,0.000292135,0.000190121
0.947646,0.00267275,0.000637691,0.000281659,0.000587029,0.000284078,0.000182974
0.952914,0.00263722,0.000617964,0.000269048,0.000578482,0.00027606,0.000175934
0.958182,0.00260068,0.000598342,0.000256743,0.000569713,0.000268074,0.00016898
0.96345,0.00256322,0.000578905,0.000244745,0.00056074,0.000260149,0.000162192
0.968717,0.00252513,0.00055969,0.00023311,0.000551659,0.000252256,0.000155492
0.973985,0.00248643,0.000540777,0.000221788,0.000542366,0.000244506,0.000149001
0.979253,0.00244711,0.000522117,0.000210756,0.000533004,0.000236803,0.000142579
0.98452,0.00240728,0.000503733,0.00020009,0.000523552,0.000229226,0.000136476
0.989788,0.0023672,0.000485735,0.000189791,0.000514085,0.00022167,0.000130427
0.995056,0.00232689,0.000468043,0.000179874,0.000504536,0.000214392,0.000124652
1.00032,0.0022864,0.000450803,0.00017032,0.000494984,0.000207145,0.00011891
1.00559,0.00224578,0.000434034,0.000161142,0.000485453,0.000200217,0.000113518
1.01086,0.00220524,0.000417609,0.000152357,0.00047595,0.000193335,0.000108186
1.01613,0.00216483,0.000401626,0.000143933,0.000466588,0.000186696,0.000103175
1.02139,0.00212449,0.000386136,0.000135897,0.000457239,0.000180137,9.82516e-05
1.02666,0.0020843,0.000371093,0.000128141,0.000447929,0.000173804,9.35811e-05
1.03193,0.00204434,0.000356458,0.000120809,0.000438701,0.00016761,8.90488e-05
1.0372,0.00200473,0.000342304,0.000113833,0.000429617,0.00016166,8.47595e-05
1.04247,0.00196544,0.000328571,0.000107149,0.000420651,0.000155855,8.06287e-05
1.04773,0.00192656,0.00031533,0.000100765,0.000411821,0.000150218,7.66817e-05
1.053,0.00188805,0.000302548,9.47141e-05,0.000403109,0.00014479,7.29277e-05
1.05827,0.00184995,0.000290217,8.89741e-05,0.00039449,0.000139525,6.9323e-05
1.06354,0.00181237,0.000278319,8.35486e-05,0.000386036,0.000134489,6.58853e-05
1.0688,0.0017752,0.000266793,7.83488e-05,0.000377664,0.000129568,6.25311e-05
1.07407,0.00173859,0.000255683,7.35022e-05,0.000369541,0.000124842,5.94208e-05
1.07934,0.00170246,0.000245065,6.88934e-05,0.000361492,0.000120174,5.63836e-05
1.08461,0.00166685,0.000234821,6.44874e-05,0.000353663,0.000115807,5.35626e-05
1.08987,0.00163177,0.000224947,6.0391e-05,0.000345866,0.000111486,5.07738e-05
1.09514,0.00159728,0.000215481,5.65007e-05,0.000338372,0.000107439,4.823e-05
1.10041,0.00156334,0.000206424,5.27606e-05,0.000330904,0.000103417,4.57114e-05
1.10568,0.00152998,0.00019763,4.92902e-05,0.000323662,9.96231e-05,4.34231e-05
1.11095,0.00149709,0.000189232,4.60943e-05,0.00031648,9.5884e-05,4.11731e-05
1.11621,0.00146475,0.000181202,4.2966e-05,0.000309583,9.24055e-05,3.91047e-05
1.12148,0.00143306,0.000173473,4.01003e-05,0.000302758,8.89794e-05,3.70799e-05
1.12675,0.00140192,0.000166083,3.73439e-05,0.000296121,8.56899e-05,3.51685e-05
1.13202,0.00137128,0.000158956,3.47829e-05,0.000289566,8.25073e-05,3.33286e-05
1.13728,0.00134121,0.000152175,3.23688e-05,0.000283143,7.95006e-05,3.16064e-05
1.14255,0.00131167,0.000145649,3.00764e-05,0.00027687,7.65831e-05,2.99585e-05
1.14782,0.00128266,0.000139386,2.79486e-05,0.000270758,7.37629e-05,2.83915e-05
1.15309,0.00125421,0.000133388,2.59518e-05,0.000264795,7.10532e-05,2.69343e-05
1.15835,0.00122631,0.000127662,2.40901e-05,0.000258939,6.84232e-05,2.55562e-05
1.16362,0.00119886,0.00012215,2.22736e-05,0.000253249,6.59401e-05,2.42411e-05
1.16889,0.00117193,0.000116878,2.06384e-05,0.000247637,6.35253e-05,2.29553e-05
1.17416,0.00114555,0.000111832,1.9075e-05,0.000242232,6.12135e-05,2.17705e-05
1.17943,0.00111969,0.000107088,1.7615e-05,0.000236884,5.89298e-05,2.06134e-05
1.18469,0.00109425,0.000102497,1.62268e-05,0.000231685,5.68346e-05,1.95361e-05
1.18996,0.00106922,9.80303e-05,1.49037e-05,0.000226506,5.47642e-05,1.84693e-05
1.19523,0.00104483,9.37793e-05,1.37783e-05,0.000221648,5.27905e-05,1.75293e-05
1.2005,0.00102091,8.9775e-05,1.26574e-05,0.000216801,5.08317e-05,1.65991e-05
1.20576,0.000997391,8.58757e-05,1.1648e-05,0.000212042,4.9014e-05,1.57543e-05
1.21103,0.000974367,8.22497e-05,1.06075e-05,0.000207324,4.72322e-05,1.49211e-05
1.2163,0.000951692,7.87254e-05,9.69704e-06,0.000202784,4.56036e-05,1.41374e-05
1.22157,0.000929559,7.53625e-05,8.88311e-06,0.000198317,4.3984e-05,1.3381e-05
1.22684,0.000907781,7.21283e-05,8.09083e-06,0.000194026,4.23861e-05,1.2691e-05
1.2321,0.000886431,6.90567e-05,7.36515e-06,0.000189781,4.08244e-05,1.20259e-05
1.23737,0.000865474,6.60656e-05,6.67386e-06,0.000185608,3.9319e-05,1.13996e-05
1.24264,0.000844929,6.32476e-05,6.04639e-06,0.000181547,3.79081e-05,1.08043e-05
1.24791,0.000824783,6.05579e-05,5.48228e-06,0.000177602,3.6593e-05,1.02404e-05
1.25317,0.000805057,5.80021e-05,4.91663e-06,0.00017375,3.52974e-05,9.71309e-06
1.25844,0.000785689,5.55766e-05,4.39275e-06,0.000169959,3.40148e-05,9.2104e-06
1.26371,0.000766659,5.32379e-05,3.89411e-06,0.000166257,3.28176e-05,8.73171e-06
1.26898,0.000748036,5.09682e-05,3.44032e-06,0.000162593,3.16574e-05,8.26341e-06
1.27424,0.000729706,4.88119e-05,2.99972e-06,0.000159048,3.05473e-05,7.8173e-06
1.27951,0.000711778,4.67325e-05,2.66712e-06,0.000155534,2.94498e-05,7.37678e-06
1.28478,0.000694168,4.47799e-05,2.2987e-06,0.00015217,2.84399e-05,6.99614e-06
1.29005,0.000676943,4.28985e-05,1.92475e-06,0.000148823,2.74395e-05,6.62196e-06
1.29532,0.000660031,4.11455e-05,1.66889e-06,0.000145626,2.64981e-05,6.27563e-06
1.30058,0.000643455,3.9448e-05,1.36841e-06,0.000142442,2.55601e-05,5.93296e-06
1.30585,0.00062723,3.77362e-05,1.17117e-06,0.000139372,2.46503e-05,5.62141e-06
1.31112,0.000611293,3.62159e-05,9.19394e-07,0.000136328,2.37666e-05,5.31569e-06
1.31639,0.000595635,3.46804e-05,6.86408e-07,0.000133382,2.29841e-05,5.03252e-06
1.32165,0.000580291,3.32593e-05,5.17798e-07,0.000130475,2.22012e-05,4.75946e-06
1.32692,0.000565241,3.19022e-05,3.47614e-07,0.000127657,2.14175e-05,4.50906e-06
1.33219,0.000550502,3.05874e-05,1.49311e-07,0.000124877,2.06596e-05,4.27197e-06
1.33746,0.000536051,2.93303e-05,2.31477e-08,0.000122152,1.9939e-05,4.05407e-06
1.34272,0.000521868,2.81394e-05,-1.0301e-07,0.000119474,1.92503e-05,3.83507e-06
1.34799,0.000507937,2.6982e-05,-2.29293e-07,0.000116841,1.85921e-05,3.61504e-06
1.35326,0.000494296,2.5893e-05,-3.53227e-07,0.000114285,1.79538e-05,3.4337e-06
1.35853,0.000480922,2.48699e-05,-4.35007e-07,0.000111779,1.73281e-05,3.27681e-06
1.3638,0.000467828,2.38687e-05,-5.42612e-07,0.00010934,1.67234e-05,3.09677e-06
1.36906,0.000454983,2.28637e-05,-6.21985e-07,0.000106928,1.61271e-05,2.90754e-06
1.37433,0.0004424,2.19135e-05,-6.83915e-07,0.000104592,1.55838e-05,2.7464e-06
1.3796,0.000430045,2.10836e-05,-6.92006e-07,0.000102273,1.50524e-05,2.59158e-06
1.38487,0.000417949,2.02107e-05,-8.07603e-07,0.000100042,1.45193e-05,2.46305e-06
1.39013,0.000406093,1.93982e-05,-8.74623e-07,9.78206e-05,1.39872e-05,2.33693e-06
1.3954,0.00039443,1.8643e-05,-9.31597e-07,9.56586e-05,1.35184e-05,2.21257e-06
1.40067,0.000383062,1.78984e-05,-9.31597e-07,9.35076e-05,1.30531e-05,2.08797e-06
1.40594,0.000371895,1.72095e-05,-9.42138e-07,9.14373e-05,1.2613e-05,1.96168e-06
1.4112,0.000361016,1.65202e-05,-9.89679e-07,8.93888e-05,1.21735e-05,1.84269e-06
1.41647,0.000350319,1.58474e-05,-9.89679e-07,8.74163e-05,1.17358e-05,1.74904e-06
1.42174,0.000339873,1.52426e-05,-1.0095e-06,8.54536e-05,1.13185e-05,1.65538e-06
1.42701,0.000329649,1.46312e-05,-1.04776e-06,8.35116e-05,1.09439e-05,1.56172e-06
1.43228,0.000319581,1.40225e-05,-1.04776e-06,8.16224e-05,1.05682e-05,1.46802e-06
1.43754,0.000309733,1.34922e-05,-1.04776e-06,7.98048e-05,1.01913e-05,1.37426e-06
1.44281,0.000300071,1.29594e-05,-1.04776e-06,7.7987e-05,9.83174e-06,1.2967e-06
1.44808,0.00029067,1.24571e-05,-1.04776e-06,7.61693e-05,9.48769e-06,1.23362e-06
1.45335,0.000281438,1.19562e-05,-1.04776e-06,7.42542e-05,9.16285e-06,1.17055e-06
1.45861,0.000272449,1.14582e-05,-1.00621e-06,7.22816e-05,8.84938e-06,1.10747e-06
1.46388,0.000263598,1.1e-05,-9.89679e-07,7.06746e-05,8.53567e-06,1.04435e-06
1.46915,0.000254952,1.06099e-05,-9.89679e-07,6.92033e-05,8.22189e-06,9.81206e-07
1.47442,0.000246534,1.01847e-05,-9.89679e-07,6.77032e-05,7.93516e-06,8.94181e-07
1.47969,0.000238284,9.74438e-06,-9.89679e-07,6.61974e-05,7.6539e-06,8.02339e-07
1.48495,0.000230189,9.36508e-06,-9.32439e-07,6.46644e-05,7.37111e-06,7.65982e-07
1.49022,0.000222424,8.93127e-06,-9.31597e-07,6.31318e-05,7.08938e-06,7.33556e-07
1.49549,0.000214684,8.61284e-06,-9.31597e-07,6.166e-05,6.83899e-06,7.02974e-07
1.50076,0.000207186,8.25455e-06,-9.23241e-07,6.01924e-05,6.5886e-06,6.67957e-07
1.50602,0.000199877,7.97912e-06,-8.73514e-07,5.87512e-05,6.3382e-06,6.04879e-07
1.51129,0.000192723,7.63374e-06,-8.73514e-07,5.73246e-05,6.10273e-06,5.49052e-07
1.51656,0.000185755,7.34584e-06,-8.73514e-07,5.59451e-05,5.91522e-06,5.16525e-07
1.52183,0.000178965,6.99163e-06,-8.51395e-07,5.45767e-05,5.71665e-06,4.84649e-07
1.52709,0.000172307,6.70181e-06,-8.11801e-07,5.32297e-05,5.49662e-06,4.54036e-07
1.53236,0.000165812,6.45117e-06,-8.11801e-07,5.19104e-05,5.27669e-06,4.36975e-07
1.53763,0.000159484,6.17067e-06,-7.49651e-07,5.06259e-05,5.05687e-06,4.36975e-07
1.5429,0.000153323,5.92572e-06,-6.92006e-07,4.93757e-05,4.85472e-06,4.19314e-07
1.54817,0.000147358,5.66348e-06,-6.92006e-07,4.81543e-05,4.6674e-06,3.86819e-07
1.55343,0.000141544,5.43106e-06,-6.52555e-07,4.69333e-05,4.49968e-06,3.35811e-07
1.5587,0.000135864,5.20095e-06,-6.33923e-07,4.57126e-05,4.34279e-06,2.74584e-07
1.56397,0.000130315,4.9951e-06,-6.33923e-07,4.45371e-05,4.16316e-06,2.3625e-07
1.56924,0.000125007,4.75528e-06,-5.82087e-07,4.33768e-05,3.97584e-06,2.05667e-07
1.5745,0.000119743,4.5612e-06,-5.72211e-07,4.22448e-05,3.84027e-06,2.01014e-07
1.57977,0.000114643,4.37064e-06,-5.72211e-07,4.11178e-05,3.71399e-06,2.01014e-07
1.58504,0.000109756,4.1833e-06,-5.14128e-07,4.00493e-05,3.55891e-06,1.70157e-07
