# source: refs/1702.05337.pdf page 9, frame (371.31, 568.87, 526.9, 668.51)
# axes: x [0.0, 1.6], y [-0.001, 0.0015]
# extracted by tools/digitize_figure.py; provenance in SOURCES.md
# curve xb1_theory1_sum: colour=(0.0, 0.0, 1.0) dash='[] 0' points=319 x=[0.0050, 1.5950]
# curve xb1_theory1_SD: colour=(0.0, 0.0, 1.0) dash='[ 2.84259 2.84259 ] 0' points=319 x=[0.0050, 1.5950]
# curve xb1_theory1_DD: colour=(0.0, 0.0, 1.0) dash='[ 1.13704 2.27407 ] 0' points=319 x=[0.0050, 1.5950]
# curve xb1_theory2_sum: colour=(0.037, 0.833, 0.0) dash='[] 0' points=159 x=[0.0100, 1.5900]
# curve xb1_theory2_SD: colour=(0.037, 0.833, 0.0) dash='[ 2.84259 2.84259 ] 0' points=159 x=[0.0100, 1.5900]
# curve xb1_theory2_DD: colour=(0.037, 0.833, 0.0) dash='[ 1.13704 2.27407 ] 0' points=159 x=[0.0100, 1.5900]
# x,xb1_theory1_sum,xb1_theory1_SD,xb1_theory1_DD,xb1_theory2_sum,xb1_theory2_SD,xb1_theory2_DD
0.0100163,3.07107e-05,1.47276e-05,1.60584e-05,-5.0687e-06,-3.48677e-06,-1.63072e-06
0.0153006,2.53772e-05,1.23711e-05,1.29702e-05,-2.31486e-07,-2.54145e-07,-2.77554e-08
0.0205848,2.13993e-05,1.09291e-05,1.06408e-05,4.33069e-06,2.79811e-06,1.48365e-06
0.0258691,1.7653e-05,9.14371e-06,8.61786e-06,6.58543e-06,4.33717e-06,2.22686e-06
0.0311533,1.51653e-05,8.21067e-06,6.97939e-06,8.57193e-06,5.6935e-06,2.87864e-06
0.0364375,1.22464e-05,6.8575e-06,5.41358e-06,9.57884e-06,6.38257e-06,3.19648e-06
0.0417218,1.03051e-05,6.34183e-06,4.01408e-06,1.01852e-05,6.78187e-06,3.39938e-06
0.047006,7.54025e-06,4.99498e-06,2.62577e-06,9.94614e-06,6.56954e-06,3.35967e-06
0.0522903,4.56005e-06,3.40022e-06,1.22161e-06,9.8103e-06,6.52888e-06,3.26272e-06
0.0575745,3.02728e-06,3.08952e-06,5.13761e-08,9.8103e-06,6.71408e-06,3.09046e-06
0.0628588,1.57421e-06,2.76537e-06,-1.11213e-06,9.03272e-06,6.26451e-06,2.75405e-06
0.068143,-1.41172e-06,1.07536e-06,-2.44647e-06,7.58827e-06,5.27054e-06,2.27688e-06
0.0734272,-4.62569e-06,-7.84889e-07,-3.80829e-06,5.80094e-06,4.13915e-06,1.61982e-06
0.0787115,-6.85488e-06,-1.65014e-06,-5.16079e-06,3.82477e-06,2.93207e-06,8.63676e-07
0.0839957,-8.9054e-06,-2.56015e-06,-6.35427e-06,1.46863e-06,1.44567e-06,8.1145e-09
0.08928,-1.20077e-05,-4.32306e-06,-7.55856e-06,-1.01199e-06,-1.32243e-07,-8.80018e-07
0.0945642,-1.49329e-05,-6.09735e-06,-8.82292e-06,-3.85549e-06,-1.90383e-06,-1.96246e-06
0.0998484,-1.72166e-05,-7.04696e-06,-1.00482e-05,-6.75724e-06,-3.70651e-06,-3.07609e-06
0.105133,-1.9744e-05,-8.37583e-06,-1.1318e-05,-1.02495e-05,-5.91875e-06,-4.32992e-06
0.110417,-2.30516e-05,-1.04745e-05,-1.25385e-05,-1.38227e-05,-8.19218e-06,-5.6053e-06
0.115701,-2.65771e-05,-1.26184e-05,-1.37886e-05,-1.81596e-05,-1.10573e-05,-7.09087e-06
0.120985,-2.9481e-05,-1.44585e-05,-1.50424e-05,-2.24214e-05,-1.38277e-05,-8.5935e-06
0.12627,-3.21592e-05,-1.59235e-05,-1.62362e-05,-2.6348e-05,-1.61755e-05,-1.01722e-05
0.131554,-3.52287e-05,-1.77742e-05,-1.74839e-05,-3.06379e-05,-1.88249e-05,-1.18128e-05
0.136838,-3.88331e-05,-2.02278e-05,-1.86689e-05,-3.58111e-05,-2.22074e-05,-1.36035e-05
0.142122,-4.26338e-05,-2.27459e-05,-1.98466e-05,-4.10298e-05,-2.55726e-05,-1.54622e-05
0.147407,-4.61589e-05,-2.50081e-05,-2.10386e-05,-4.63166e-05,-2.89119e-05,-1.74226e-05
0.152691,-4.96182e-05,-2.73157e-05,-2.22307e-05,-5.18382e-05,-3.24053e-05,-1.94641e-05
0.157975,-5.34215e-05,-2.99584e-05,-2.3394e-05,-5.75885e-05,-3.60488e-05,-2.15847e-05
0.163259,-5.75795e-05,-3.29587e-05,-2.45529e-05,-6.37821e-05,-4.00037e-05,-2.38118e-05
0.168544,-6.16265e-05,-3.60162e-05,-2.56655e-05,-7.02557e-05,-4.41554e-05,-2.61063e-05
0.173828,-6.57296e-05,-3.89819e-05,-2.67525e-05,-7.68529e-05,-4.83168e-05,-2.85349e-05
0.179112,-6.98954e-05,-4.20502e-05,-2.77991e-05,-8.34979e-05,-5.24821e-05,-3.10155e-05
0.184396,-7.43159e-05,-4.54117e-05,-2.8832e-05,-9.06984e-05,-5.70835e-05,-3.36147e-05
0.189681,-7.88925e-05,-4.91136e-05,-2.97965e-05,-9.80129e-05,-6.17743e-05,-3.62384e-05
0.194965,-8.34569e-05,-5.27052e-05,-3.07517e-05,-0.000105638,-6.66512e-05,-3.89861e-05
0.200249,-8.8012e-05,-5.63157e-05,-3.16467e-05,-0.000113302,-7.15526e-05,-4.17493e-05
0.205533,-9.26211e-05,-6.01739e-05,-3.24135e-05,-0.000121374,-7.67174e-05,-4.467e-05
0.210817,-9.74017e-05,-6.41645e-05,-3.31535e-05,-0.000129523,-8.19354e-05,-4.76082e-05
0.216102,-0.000102209,-6.83347e-05,-3.38517e-05,-0.000138097,-8.74479e-05,-5.06427e-05
0.221386,-0.000107135,-7.25937e-05,-3.44675e-05,-0.000146746,-9.30188e-05,-5.37013e-05
0.22667,-0.00011201,-7.69513e-05,-3.50079e-05,-0.000155611,-9.87562e-05,-5.68288e-05
0.231954,-0.000116903,-8.13286e-05,-3.54733e-05,-0.000164635,-0.000104622,-5.99912e-05
0.237239,-0.000121718,-8.58898e-05,-3.58267e-05,-0.000173933,-0.00011071,-6.32143e-05
0.242523,-0.000126533,-9.05164e-05,-3.60427e-05,-0.000183326,-0.000116868,-6.64626e-05
0.247807,-0.00013127,-9.51346e-05,-3.61892e-05,-0.000192823,-0.000123102,-6.97389e-05
0.253091,-0.000135914,-9.97186e-05,-3.61932e-05,-0.000202392,-0.000129403,-7.30058e-05
0.258376,-0.000140421,-0.000104299,-3.607e-05,-0.000212012,-0.00013575,-7.6266e-05
0.26366,-0.000144737,-0.000108839,-3.58279e-05,-0.000221721,-0.000142192,-7.95373e-05
0.268944,-0.000148863,-0.000113508,-3.54377e-05,-0.00023147,-0.000148678,-8.28138e-05
0.274228,-0.000152878,-0.000117968,-3.49291e-05,-0.000241233,-0.000155212,-8.60346e-05
0.279513,-0.000156657,-0.00012237,-3.42867e-05,-0.000250998,-0.000161758,-8.92412e-05
0.284797,-0.000160254,-0.000126751,-3.34546e-05,-0.000260713,-0.000168358,-9.23784e-05
0.290081,-0.000163504,-0.000131149,-3.24768e-05,-0.00027042,-0.000174964,-9.55063e-05
0.295365,-0.000166654,-0.000135204,-3.13386e-05,-0.000279984,-0.000181516,-9.84905e-05
0.30065,-0.000169297,-0.000139192,-3.01671e-05,-0.000289508,-0.000188051,-0.000101455
0.305934,-0.000171588,-0.000143013,-2.85782e-05,-0.000298743,-0.000194465,-0.000104278
0.311218,-0.000173397,-0.00014656,-2.69319e-05,-0.000307888,-0.000200833,-0.000107058
0.316502,-0.000174944,-0.000149857,-2.50721e-05,-0.000316726,-0.000207047,-0.000109695
0.321787,-0.000176056,-0.000152974,-2.30587e-05,-0.00032541,-0.000213186,-0.00011225
0.327071,-0.000176644,-0.000155809,-2.083e-05,-0.00033379,-0.000219174,-0.00011464
0.332355,-0.000176814,-0.000158289,-1.84387e-05,-0.000341907,-0.000225016,-0.00011691
0.337639,-0.000176444,-0.000160489,-1.58552e-05,-0.000349699,-0.000230674,-0.00011903
0.342924,-0.000175593,-0.0001624,-1.31023e-05,-0.000357129,-0.000236153,-0.000120976
0.348208,-0.000174193,-0.000163979,-1.01948e-05,-0.000364265,-0.000241485,-0.00012278
0.353492,-0.000172263,-0.0001652,-7.08855e-06,-0.000370902,-0.000246522,-0.000124372
0.358776,-0.000169783,-0.00016603,-3.75997e-06,-0.000377282,-0.000251406,-0.000125854
0.36406,-0.000166666,-0.000166441,-2.2351e-07,-0.000383029,-0.000255937,-0.000127076
0.369345,-0.000162984,-0.00016626,3.45055e-06,-0.00038858,-0.000260359,-0.000128219
0.374629,-0.000158705,-0.000165991,7.34777e-06,-0.000393274,-0.000264274,-0.000129
0.379913,-0.000153724,-0.000165186,1.13883e-05,-0.000397845,-0.000268117,-0.000129728
0.385197,-0.000147892,-0.000163649,1.56366e-05,-0.000401419,-0.000271326,-0.000130093
0.390482,-0.000141668,-0.00016172,2.00775e-05,-0.000404873,-0.00027446,-0.000130412
0.395766,-0.000134631,-0.000159265,2.4655e-05,-0.000407298,-0.000276965,-0.000130333
0.40105,-0.000126872,-0.000156265,2.94184e-05,-0.000409491,-0.000279322,-0.000130173
0.406334,-0.000118441,-0.000152718,3.43771e-05,-0.000410737,-0.000281072,-0.000129682
0.411619,-0.000109237,-0.000148689,3.9462e-05,-0.000411614,-0.000282581,-0.000129059
0.416903,-9.93038e-05,-0.000144013,4.47213e-05,-0.000411641,-0.000283535,-0.000128131
0.422187,-8.86921e-05,-0.000138788,5.01395e-05,-0.000411139,-0.000284141,-0.000127029
0.427471,-7.73327e-05,-0.000133026,5.57068e-05,-0.000409879,-0.000284247,-0.000125675
0.432756,-6.52753e-05,-0.000126643,6.13929e-05,-0.000407946,-0.000283885,-0.000124096
0.43804,-5.24776e-05,-0.000119703,6.72205e-05,-0.000405389,-0.00028309,-0.000122308
0.443324,-3.89578e-05,-0.000112125,7.31758e-05,-0.000401991,-0.000281731,-0.000120261
0.448608,-2.46657e-05,-0.00010392,7.92615e-05,-0.000398092,-0.000280033,-0.000118059
0.453893,-9.71852e-06,-9.5167e-05,8.54677e-05,-0.000393208,-0.000277644,-0.000115565
0.459177,5.91938e-06,-8.58413e-05,9.17432e-05,-0.000387969,-0.000275005,-0.000112965
0.464461,2.21726e-05,-7.59274e-05,9.81205e-05,-0.000381629,-0.000271597,-0.000110055
0.469745,3.91019e-05,-6.54935e-05,0.000104572,-0.000375082,-0.000268046,-0.000107087
0.47503,5.67365e-05,-5.44344e-05,0.000111171,-0.000367322,-0.000263585,-0.000103763
0.480314,7.49706e-05,-4.27829e-05,0.000117781,-0.000359423,-0.000259021,-0.000100401
0.485598,9.38318e-05,-3.05852e-05,0.000124459,-0.00035032,-0.000253589,-9.67305e-05
0.490882,0.000113323,-1.79061e-05,0.000131209,-0.00034101,-0.000248001,-9.3009e-05
0.496166,0.000133406,-4.60169e-06,0.000138013,-0.000330651,-0.000241621,-8.90299e-05
0.501451,0.000153981,9.17698e-06,0.000144829,-0.00031997,-0.000234988,-8.49823e-05
0.506735,0.000175147,2.34999e-05,0.000151682,-0.00030843,-0.000227679,-8.07513e-05
0.512019,0.000196811,3.83031e-05,0.000158537,-0.000296456,-0.00022003,-7.64259e-05
0.517303,0.000218962,5.35874e-05,0.000165385,-0.000283775,-0.000211828,-7.1947e-05
0.522588,0.000241597,6.93663e-05,0.000172256,-0.000270578,-0.000203206,-6.73715e-05
0.527872,0.000264655,8.55605e-05,0.000179091,-0.000256836,-0.000194142,-6.26944e-05
0.533156,0.000288135,0.000102215,0.000185911,-0.000242495,-0.000184587,-5.79165e-05
0.53844,0.000311985,0.000119269,0.0001927,-0.000227744,-0.000174695,-5.30695e-05
0.543725,0.000336242,0.000136688,0.000199455,-0.000212389,-0.000164277,-4.81366e-05
0.549009,0.000360623,0.000154462,0.000206116,-0.00019678,-0.000153637,-4.31676e-05
0.554293,0.000385306,0.000172522,0.000212737,-0.000180548,-0.000142438,-3.81344e-05
0.559577,0.000410238,0.000190937,0.000219299,-0.00016417,-0.000131108,-3.30863e-05
0.564862,0.000435399,0.000209596,0.000225754,-0.000147184,-0.000119208,-2.79772e-05
0.570146,0.000460583,0.000228446,0.000232134,-0.00013013,-0.000107243,-2.28623e-05
0.57543,0.000486112,0.000247596,0.000238424,-0.00011251,-9.47619e-05,-1.77363e-05
0.580714,0.00051144,0.000266842,0.000244588,-9.48387e-05,-8.22252e-05,-1.26136e-05
0.585999,0.000536874,0.000286199,0.000250615,-7.68313e-05,-6.93323e-05,-7.5129e-06
0.591283,0.000562168,0.000305646,0.000256516,-5.87618e-05,-5.63564e-05,-2.42661e-06
0.596567,0.000587465,0.000325161,0.000262295,-4.04958e-05,-4.31182e-05,2.61413e-06
0.601851,0.000612594,0.00034469,0.000267929,-2.21765e-05,-2.98016e-05,7.62054e-06
0.607136,0.000637531,0.000364159,0.000273397,-3.75774e-06,-1.6339e-05,1.25629e-05
0.61242,0.000662291,0.00038358,0.000278713,1.46692e-05,-2.80986e-06,1.74532e-05
0.617704,0.000686787,0.000402904,0.000283845,3.31059e-05,1.07987e-05,2.22814e-05
0.622988,0.000710947,0.00042209,0.000288822,5.14577e-05,2.44075e-05,2.70248e-05
0.628272,0.000734695,0.000441078,0.000293609,6.97438e-05,3.80166e-05,3.17027e-05
0.633557,0.000758067,0.000459828,0.000298203,8.78464e-05,5.15632e-05,3.6259e-05
0.638841,0.000780986,0.00047835,0.000302624,0.000105859,6.5079e-05,4.07553e-05
0.644125,0.000803348,0.000496518,0.000306809,0.000123548,7.84401e-05,4.50832e-05
0.649409,0.000825181,0.000514365,0.000310814,0.000141145,9.17572e-05,4.93632e-05
0.654694,0.000846395,0.000531813,0.000314582,0.000158292,0.000104804,5.3463e-05
0.659978,0.000867005,0.000548874,0.000318154,0.00017538,0.000117816,5.75393e-05
0.665262,0.000886859,0.000565303,0.000321508,0.000191748,0.000130367,6.13699e-05
0.670546,0.000905983,0.00058134,0.000324641,0.00020803,0.000142862,6.51696e-05
0.675831,0.000924272,0.000596723,0.000327529,0.000223586,0.00015488,6.87072e-05
0.681115,0.000941735,0.000611533,0.000330202,0.000238952,0.00016676,7.21923e-05
0.686399,0.000958323,0.000625697,0.000332625,0.000253595,0.000178116,7.54783e-05
0.691683,0.000974003,0.000639156,0.000334847,0.000267929,0.000189249,7.86745e-05
0.696968,0.000988793,0.00065196,0.000336823,0.000281592,0.000199898,8.16754e-05
0.702252,0.00100257,0.000663969,0.000338556,0.000294769,0.000210183,8.4561e-05
0.707536,0.0010153,0.000675246,0.000340043,0.000307291,0.000219975,8.72905e-05
0.71282,0.00102705,0.000685723,0.000341322,0.000319179,0.000229309,8.9851e-05
0.718105,0.00103774,0.00069533,0.000342364,0.000330508,0.000238239,9.22628e-05
0.723389,0.00104736,0.000704144,0.000343166,0.000341065,0.000246566,9.44982e-05
0.728673,0.00105592,0.000712116,0.000343736,0.000351186,0.000254552,9.66338e-05
0.733957,0.00106337,0.000719251,0.0003441,0.000360375,0.000261824,9.85416e-05
0.739242,0.00106976,0.000725509,0.000344229,0.00036925,0.000268854,0.000100372
0.744526,0.00107503,0.000730814,0.000344127,0.000377017,0.000275017,0.000101974
0.74981,0.0010792,0.000735352,0.000343825,0.000384597,0.000281033,0.000103538
0.755094,0.00108228,0.000739004,0.000343299,0.000390958,0.000286123,0.000104822
0.760379,0.00108425,0.000741707,0.000342545,0.000397184,0.000291107,0.000106077
0.765663,0.00108521,0.000743573,0.00034162,0.000402259,0.000295162,0.000107084
0.770947,0.00108509,0.000744621,0.000340467,0.000407119,0.000299051,0.000108046
0.776231,0.00108394,0.000744822,0.000339104,0.00041098,0.000302168,0.000108803
0.781515,0.00108178,0.000744215,0.000337565,0.0004145,0.000305013,0.000109487
0.7868,0.00107862,0.000742778,0.00033584,0.000417165,0.000307174,0.000109991
0.792084,0.00107452,0.000740567,0.000333939,0.000419382,0.000308981,0.000110402
0.797368,0.00106945,0.000737572,0.000331854,0.000420906,0.00031024,0.000110667
0.802652,0.00106344,0.000733818,0.000329599,0.000421886,0.000311062,0.000110819
0.807937,0.00105655,0.00072933,0.000327194,0.000422324,0.000311446,0.000110859
0.813221,0.00104874,0.000724097,0.000324664,0.000422118,0.000311324,0.000110786
0.818505,0.00104004,0.000718123,0.00032195,0.000421494,0.000310873,0.00011064
0.823789,0.00103054,0.000711423,0.000319108,0.00042017,0.000309843,0.000110342
0.829074,0.00102018,0.000704056,0.0003161,0.000418565,0.000308582,0.000109984
0.834358,0.00100903,0.000696003,0.000312983,0.000416175,0.00030668,0.000109484
0.839642,0.000997128,0.000687359,0.000309743,0.000413617,0.000304639,0.000108955
0.844926,0.000984421,0.000678016,0.000306381,0.000410232,0.000301919,0.000108288
0.850211,0.000970985,0.00066803,0.00030293,0.000406752,0.000299121,0.000107605
0.855495,0.000956866,0.000657491,0.000299375,0.000402485,0.00029569,0.000106771
0.860779,0.000942055,0.00064633,0.000295724,0.000398106,0.000292165,0.000105918
0.866063,0.000926606,0.000634638,0.000291958,0.000393066,0.000288093,0.000104963
0.871348,0.000910579,0.000622419,0.000288118,0.000387857,0.000283876,0.000103978
0.876632,0.000893977,0.000609723,0.000284238,0.000382154,0.000279233,0.000102903
0.881916,0.000876846,0.000596597,0.000280259,0.000376232,0.000274415,0.000101796
0.8872,0.000859242,0.000583014,0.00027621,0.000369924,0.000269287,0.000100631
0.892485,0.000841221,0.000569055,0.000272128,0.000363382,0.000263954,9.94278e-05
0.897769,0.000822769,0.000554763,0.00026802,0.000356571,0.000258389,9.81824e-05
0.903053,0.000803913,0.000540108,0.00026383,0.000349501,0.000252619,9.68893e-05
0.908337,0.000784796,0.000525196,0.000259609,0.000342237,0.000246697,9.5561e-05
0.913621,0.00076548,0.000510084,0.000255361,0.000334766,0.000240584,9.41897e-05
0.918906,0.000745876,0.000494773,0.000251091,0.0003272,0.000234382,9.27986e-05
0.92419,0.000726149,0.000479287,0.000246799,0.000319424,0.000228024,9.13756e-05
0.929474,0.000706268,0.000463728,0.000242532,0.000311594,0.000221624,8.99441e-05
0.934758,0.000686297,0.000448108,0.000238214,0.000303637,0.000215135,8.85004e-05
0.940043,0.000666324,0.000432458,0.000233866,0.000295664,0.000208635,8.7055e-05
0.945327,0.000646364,0.000416781,0.000229559,0.000287626,0.000202069,8.55686e-05
0.950611,0.000626523,0.000401251,0.00022527,0.000279591,0.00019551,8.40809e-05
0.955895,0.000606821,0.000385816,0.000220985,0.000271588,0.000189004,8.25839e-05
0.96118,0.000587257,0.000370532,0.000216713,0.000263605,0.000182512,8.10869e-05
0.966464,0.0005679,0.000355405,0.000212452,0.000255694,0.000176073,7.95899e-05
0.971748,0.000548781,0.000340534,0.000208222,0.000247829,0.000169688,7.80966e-05
0.977032,0.000529915,0.000325886,0.000204025,0.000240056,0.000163414,7.66111e-05
0.982317,0.000511347,0.000311493,0.000199856,0.000232382,0.000157238,7.51311e-05
0.987601,0.000493131,0.000297402,0.000195717,0.000224834,0.000151189,7.36585e-05
0.992885,0.000475298,0.000283662,0.000191624,0.00021743,0.000145256,7.21858e-05
0.998169,0.000457837,0.000270243,0.000187554,0.000210148,0.00013942,7.07132e-05
1.00345,0.000440796,0.000257211,0.000183552,0.00020307,0.000133787,6.9268e-05
1.00874,0.000424162,0.000244562,0.000179594,0.0001961,0.000128261,6.78373e-05
1.01402,0.000407936,0.000232276,0.000175661,0.000189362,0.000122937,6.64262e-05
1.01931,0.000392222,0.000220395,0.000171784,0.000182698,0.000117676,6.50214e-05
1.02459,0.000376895,0.00020891,0.000167981,0.000176309,0.000112682,6.3626e-05
1.02987,0.000362027,0.000197821,0.000164205,0.000169961,0.000107729,6.22321e-05
1.03516,0.000347678,0.000187131,0.000160498,0.000163989,0.000103085,6.08923e-05
1.04044,0.000333759,0.000176895,0.000156842,0.000158054,9.84734e-05,5.9556e-05
1.04573,0.000320294,0.00016705,0.000153242,0.000152422,9.4153e-05,5.82442e-05
1.05101,0.000307323,0.00015759,0.000149703,0.000146853,8.98873e-05,5.69422e-05
1.0563,0.000294786,0.000148522,0.000146228,0.000141547,8.58556e-05,5.56826e-05
1.06158,0.000282656,0.000139822,0.000142833,0.00013634,8.19105e-05,5.44344e-05
1.06686,0.000270962,0.000131504,0.000139458,0.000131365,7.81693e-05,5.32135e-05
1.07215,0.000259704,0.000123559,0.000136145,0.000126528,7.45378e-05,5.20043e-05
1.07743,0.000248876,0.000115979,0.000132909,0.00012189,7.10666e-05,5.08122e-05
1.08272,0.000238466,0.000108735,0.000129716,0.000117402,6.77376e-05,4.964e-05
1.088,0.000228459,0.000101843,0.000126595,0.000113056,6.45438e-05,4.84867e-05
1.09329,0.000218812,9.52744e-05,0.000123537,0.000108888,6.15045e-05,4.73743e-05
1.09857,0.000209556,8.90165e-05,0.000120522,0.000104829,5.85602e-05,4.62871e-05
1.10385,0.000200676,8.30828e-05,0.000117587,0.000100972,5.577e-05,4.52092e-05
1.10914,0.000192106,7.74201e-05,0.000114686,9.71923e-05,5.30375e-05,4.41349e-05
1.11442,0.000183903,7.20418e-05,0.00011186,9.36337e-05,5.05048e-05,4.31045e-05
1.11971,0.000176041,6.69458e-05,0.000109072,9.01185e-05,4.80113e-05,4.20829e-05
1.12499,0.000168507,6.21397e-05,0.000106367,8.68451e-05,4.57074e-05,4.11126e-05
1.13028,0.000161278,5.75391e-05,0.000103715,8.35966e-05,4.34241e-05,4.01467e-05
1.13556,0.000154356,5.32591e-05,0.000101097,8.05484e-05,4.13173e-05,3.92061e-05
1.14084,0.000147724,4.91613e-05,9.85602e-05,7.75354e-05,3.92393e-05,3.82716e-05
1.14613,0.00014136,4.52796e-05,9.60563e-05,7.47108e-05,3.73158e-05,3.73697e-05
1.15141,0.000135277,4.16222e-05,9.363e-05,7.19389e-05,3.54383e-05,3.64784e-05
1.1567,0.000129455,3.81889e-05,9.12588e-05,6.93125e-05,3.36879e-05,3.56162e-05
1.16198,0.000123872,3.49508e-05,8.89263e-05,6.67565e-05,3.19876e-05,3.47691e-05
1.16727,0.000118542,3.18883e-05,8.6629e-05,6.43181e-05,3.03709e-05,3.39474e-05
1.17255,0.000113431,2.90077e-05,8.43992e-05,6.19625e-05,2.88179e-05,3.3132e-05
1.17783,0.000108536,2.63115e-05,8.22142e-05,5.96964e-05,2.73339e-05,3.23232e-05
1.18312,0.000103863,2.37609e-05,8.00719e-05,5.75137e-05,2.59261e-05,3.1553e-05
1.1884,9.93696e-05,2.13734e-05,7.79807e-05,5.53896e-05,2.45719e-05,3.08098e-05
1.19369,9.50668e-05,1.91196e-05,7.59474e-05,5.33791e-05,2.33025e-05,3.00858e-05
1.19897,9.09679e-05,1.69946e-05,7.3954e-05,5.14178e-05,2.207e-05,2.937e-05
1.20425,8.70392e-05,1.50279e-05,7.20079e-05,4.95728e-05,2.09217e-05,2.86648e-05
1.20954,8.3275e-05,1.31817e-05,7.00936e-05,4.77561e-05,1.9794e-05,2.7962e-05
1.21482,7.97112e-05,1.14762e-05,6.82352e-05,4.60976e-05,1.87522e-05,2.73323e-05
1.22011,7.62625e-05,9.85649e-06,6.64057e-05,4.44552e-05,1.77203e-05,2.6709e-05
1.22539,7.30138e-05,8.35661e-06,6.46333e-05,4.28652e-05,1.67797e-05,2.60596e-05
1.23068,6.98756e-05,6.98335e-06,6.28889e-05,4.12899e-05,1.58507e-05,2.54135e-05
1.23596,6.68937e-05,5.67964e-06,6.11933e-05,3.98173e-05,1.50023e-05,2.47901e-05
1.24124,6.40376e-05,4.50072e-06,5.95371e-05,3.83697e-05,1.41692e-05,2.4179e-05
1.24653,6.13087e-05,3.39062e-06,5.79183e-05,3.70039e-05,1.33863e-05,2.36083e-05
1.25181,5.86938e-05,2.3739e-06,5.63196e-05,3.56701e-05,1.26264e-05,2.30424e-05
1.2571,5.62034e-05,1.41499e-06,5.47666e-05,3.43979e-05,1.19107e-05,2.2486e-05
1.26238,5.38125e-05,5.34461e-07,5.3264e-05,3.31672e-05,1.12189e-05,2.19477e-05
1.26767,5.15339e-05,-2.60385e-07,5.17937e-05,3.19872e-05,1.05565e-05,2.14317e-05
1.27295,4.93617e-05,-1.00087e-06,5.03518e-05,3.08581e-05,9.93751e-06,2.09219e-05
1.27823,4.72915e-05,-1.68508e-06,4.89445e-05,2.97697e-05,9.35319e-06,2.0417e-05
1.28352,4.52962e-05,-2.29476e-06,4.75755e-05,2.87355e-05,8.80521e-06,1.99219e-05
1.2888,4.33833e-05,-2.83943e-06,4.6204e-05,2.77286e-05,8.27547e-06,1.94318e-05
1.29409,4.15612e-05,-3.35011e-06,4.49071e-05,2.67624e-05,7.76573e-06,1.89723e-05
1.29937,3.98486e-05,-3.78767e-06,4.36138e-05,2.5808e-05,7.26188e-06,1.85219e-05
1.30466,3.81977e-05,-4.21178e-06,4.23609e-05,2.49112e-05,6.81592e-06,1.80703e-05
1.30994,3.66025e-05,-4.56199e-06,4.1164e-05,2.40223e-05,6.37794e-06,1.76185e-05
1.31522,3.50654e-05,-4.90359e-06,3.99457e-05,2.31997e-05,5.96633e-06,1.72203e-05
1.32051,3.3613e-05,-5.16912e-06,3.87834e-05,2.2383e-05,5.55897e-06,1.68229e-05
1.32579,3.22184e-05,-5.4266e-06,3.76659e-05,2.16139e-05,5.18856e-06,1.64258e-05
1.33108,3.09105e-05,-5.6328e-06,3.65383e-05,2.08555e-05,4.82592e-06,1.6031e-05
1.33636,2.96637e-05,-5.81781e-06,3.54502e-05,2.01399e-05,4.49399e-06,1.56457e-05
1.34164,2.84338e-05,-5.97931e-06,3.43794e-05,1.94405e-05,4.1707e-06,1.52649e-05
1.34693,2.72604e-05,-6.09543e-06,3.33554e-05,1.87773e-05,3.8666e-06,1.48945e-05
1.35221,2.61527e-05,-6.20599e-06,3.23465e-05,1.81253e-05,3.57284e-06,1.4529e-05
1.3575,2.50912e-05,-6.2731e-06,3.13515e-05,1.7489e-05,3.29354e-06,1.41704e-05
1.36278,2.40726e-05,-6.31202e-06,3.03849e-05,1.68735e-05,3.0355e-06,1.38262e-05
1.36807,2.31064e-05,-6.33793e-06,2.94446e-05,1.62768e-05,2.79667e-06,1.34951e-05
1.37335,2.21698e-05,-6.38121e-06,2.85512e-05,1.57139e-05,2.55851e-06,1.31719e-05
1.37863,2.12781e-05,-6.36128e-06,2.76396e-05,1.51704e-05,2.32073e-06,1.28532e-05
1.38392,2.04225e-05,-6.34741e-06,2.67702e-05,1.46466e-05,2.10152e-06,1.25453e-05
1.3892,1.96165e-05,-6.30632e-06,2.59231e-05,1.41298e-05,1.88881e-06,1.22412e-05
1.39449,1.88201e-05,-6.27505e-06,2.50954e-05,1.36568e-05,1.71006e-06,1.19469e-05
1.39977,1.80717e-05,-6.22412e-06,2.42961e-05,1.31916e-05,1.53744e-06,1.16543e-05
1.40506,1.73565e-05,-6.12179e-06,2.35028e-05,1.27281e-05,1.35278e-06,1.13755e-05
1.41034,1.66668e-05,-6.06671e-06,2.27336e-05,1.2268e-05,1.1701e-06,1.10981e-05
1.41562,1.59864e-05,-5.98736e-06,2.19663e-05,1.18567e-05,1.02437e-06,1.08326e-05
1.42091,1.53762e-05,-5.89887e-06,2.12339e-05,1.1448e-05,8.80915e-07,1.05673e-05
1.42619,1.47732e-05,-5.77218e-06,2.05394e-05,1.10513e-05,7.48419e-07,1.03031e-05
1.43148,1.41835e-05,-5.66592e-06,1.98312e-05,1.0665e-05,6.19621e-07,1.0042e-05
1.43676,1.3599e-05,-5.55147e-06,1.91507e-05,1.0306e-05,5.0049e-07,9.78918e-06
1.44205,1.30672e-05,-5.42856e-06,1.8486e-05,9.9476e-06,3.86148e-07,9.54217e-06
1.44733,1.25487e-05,-5.31038e-06,1.78348e-05,9.59013e-06,2.79391e-07,9.30439e-06
1.45261,1.20585e-05,-5.16496e-06,1.72119e-05,9.24526e-06,1.72979e-07,9.07249e-06
1.4579,1.15808e-05,-5.03555e-06,1.66015e-05,8.91332e-06,6.69216e-08,8.84661e-06
1.46318,1.11203e-05,-4.9139e-06,1.60239e-05,8.59765e-06,-3.07949e-08,8.62914e-06
1.46847,1.06694e-05,-4.78121e-06,1.54503e-05,8.29274e-06,-1.22997e-07,8.41724e-06
1.47375,1.02555e-05,-4.62895e-06,1.48858e-05,8.00634e-06,-2.06717e-07,8.20503e-06
1.47904,9.8578e-06,-4.48943e-06,1.43279e-05,7.72756e-06,-2.86948e-07,7.99271e-06
1.48432,9.46028e-06,-4.35815e-06,1.37928e-05,7.46074e-06,-3.55726e-07,7.79151e-06
1.4896,9.08675e-06,-4.20194e-06,1.32868e-05,7.19656e-06,-4.21972e-07,7.59277e-06
1.49489,8.7145e-06,-4.06708e-06,1.27818e-05,6.9311e-06,-4.75643e-07,7.39363e-06
1.50017,8.36988e-06,-3.93348e-06,1.22798e-05,6.66681e-06,-5.28708e-07,7.19531e-06
1.50546,8.05084e-06,-3.77961e-06,1.18269e-05,6.44119e-06,-5.9502e-07,7.02306e-06
1.51074,7.70954e-06,-3.66675e-06,1.13543e-05,6.21561e-06,-6.57655e-07,6.85076e-06
1.51602,7.39574e-06,-3.51169e-06,1.09076e-05,5.99031e-06,-6.97365e-07,6.67814e-06
1.52131,7.10359e-06,-3.38562e-06,1.04762e-05,5.76513e-06,-7.40474e-07,6.50239e-06
1.52659,6.81141e-06,-3.26443e-06,1.00416e-05,5.54029e-06,-7.93854e-07,6.31718e-06
1.53188,6.52917e-06,-3.11496e-06,9.64434e-06,5.32464e-06,-8.4235e-07,6.14117e-06
1.53716,6.26452e-06,-2.99289e-06,9.23578e-06,5.12569e-06,-8.81978e-07,5.98184e-06
1.54245,6.00012e-06,-2.86222e-06,8.83668e-06,4.93262e-06,-9.09293e-07,5.8288e-06
1.54773,5.74794e-06,-2.73026e-06,8.47841e-06,4.74642e-06,-9.22246e-07,5.68307e-06
1.55301,5.50951e-06,-2.62353e-06,8.1185e-06,4.5759e-06,-9.43046e-07,5.52949e-06
1.5583,5.27035e-06,-2.50146e-06,7.76367e-06,4.41722e-06,-9.69763e-07,5.37e-06
1.56358,5.04924e-06,-2.3867e-06,7.41857e-06,4.24932e-06,-9.87131e-07,5.21118e-06
1.56887,4.83745e-06,-2.26105e-06,7.07421e-06,4.07706e-06,-1.00007e-06,5.05266e-06
1.57415,4.62542e-06,-2.17028e-06,6.75106e-06,3.92499e-06,-1.01366e-06,4.92452e-06
1.57944,4.41331e-06,-2.06784e-06,6.45409e-06,3.77845e-06,-1.02742e-06,4.8047e-06
1.58472,4.20159e-06,-1.96261e-06,6.16301e-06,3.62121e-06,-1.04045e-06,4.67343e-06
1.59,4.04002e-06,-1.85737e-06,5.87156e-06,3.46269e-06,-1.05339e-06,4.54079e-06
