# source: refs/1311.4561.pdf page 10, frame (164.88, 95.67, 447.81, 305.99)
# axes: x [0.0, 0.918753], y [-0.0132213, 0.1800165]
# extracted by tools/digitize_figure.py; provenance in SOURCES.md
# curve b1: colour=(0.247, 0.24, 0.6) dash='[] 0' points=578 x=[0.0100, 0.9000]
# x,b1
0.00999203,0.129359
0.0129687,0.107025
0.0159453,0.0901291
0.018922,0.0779119
0.0218987,0.0695258
0.0248753,0.0641191
0.027852,0.0608633
0.0308286,0.0585818
0.0338053,0.0561106
0.0367819,0.0541429
0.0397586,0.0525191
0.0427352,0.0509647
0.0457119,0.049483
0.0486886,0.0480976
0.0516652,0.0467688
0.0546419,0.0454461
0.0576185,0.0441567
0.0605952,0.0428758
0.0635718,0.0415948
0.0665485,0.0403388
0.0695251,0.0390879
0.0725018,0.037837
0.0754784,0.0365861
0.0784551,0.0353352
0.0814318,0.0340846
0.0844084,0.0329191
0.0873851,0.0317536
0.0903617,0.0305881
0.0933384,0.0294227
0.096315,0.0282572
0.0992917,0.0270917
0.102268,0.0259796
0.105245,0.0249174
0.108222,0.0238795
0.111198,0.0228651
0.114175,0.0218918
0.117152,0.0209443
0.120128,0.0200264
0.123105,0.0191532
0.126082,0.0183155
0.129058,0.0175033
0.132035,0.0167379
0.135012,0.0160264
0.137988,0.0153315
0.140965,0.0146925
0.143942,0.014092
0.146918,0.0135346
0.149895,0.0130215
0.152871,0.0125551
0.155848,0.0121073
0.158825,0.0117111
0.161801,0.0113462
0.164778,0.0110161
0.167755,0.0107191
0.170731,0.0104536
0.173708,0.0102016
0.176685,0.00998034
0.179661,0.00978064
0.182638,0.00958903
0.185615,0.00941727
0.188591,0.00925669
0.191568,0.00910116
0.194545,0.00895264
0.197521,0.00880803
0.200498,0.00866423
0.203475,0.00851918
0.206451,0.0083707
0.209428,0.00822004
0.212405,0.00806176
0.215381,0.00789534
0.218358,0.00772476
0.221335,0.00754296
0.224311,0.00735027
0.227288,0.00715206
0.230265,0.00694079
0.233241,0.0067179
0.236218,0.0064893
0.239194,0.00623884
0.242171,0.00598839
0.245148,0.00573793
0.248124,0.00547046
0.251101,0.00519274
0.254078,0.00490985
0.257054,0.0046135
0.260031,0.0043165
0.263008,0.00401925
0.265984,0.00370557
0.268961,0.00339189
0.271938,0.00307821
0.274914,0.00276453
0.277891,0.00245085
0.280868,0.00213717
0.283844,0.00182587
0.286821,0.00151591
0.289798,0.00120594
0.292774,0.000895975
0.295751,0.000586009
0.298728,0.000276044
0.301704,-2.88956e-05
0.304681,-0.000321925
0.307658,-0.000607813
0.310634,-0.000886034
0.313611,-0.00115608
0.316588,-0.00142613
0.319564,-0.00168849
0.322541,-0.00193863
0.325517,-0.00217755
0.328494,-0.00241255
0.331471,-0.00263544
0.334447,-0.00284674
0.337424,-0.00305386
0.340401,-0.00324769
0.343377,-0.00342981
0.346354,-0.00360684
0.349331,-0.00377053
0.352307,-0.0039222
0.355284,-0.00406858
0.358261,-0.00420141
0.361237,-0.00432559
0.364214,-0.00443902
0.367191,-0.00454153
0.370167,-0.00463562
0.373144,-0.00471899
0.376121,-0.00479346
0.379097,-0.00485798
0.382074,-0.00491277
0.385051,-0.0049595
0.388027,-0.00499693
0.391004,-0.00502556
0.393981,-0.00504573
0.396957,-0.00505778
0.399934,-0.00506174
0.402911,-0.00505826
0.405887,-0.00504745
0.408864,-0.00502887
0.41184,-0.00500386
0.414817,-0.00497226
0.417794,-0.00493387
0.42077,-0.00489018
0.423747,-0.00484029
0.426724,-0.00478351
0.4297,-0.00472432
0.432677,-0.00465871
0.435654,-0.00458772
0.43863,-0.00451221
0.441607,-0.00443147
0.444584,-0.00435073
0.44756,-0.00426702
0.450537,-0.00417776
0.453514,-0.00408468
0.45649,-0.00398856
0.459467,-0.00389012
0.462444,-0.00379168
0.46542,-0.00368797
0.468397,-0.00358152
0.471374,-0.00347507
0.47435,-0.00336862
0.477327,-0.00326217
0.480304,-0.00315572
0.48328,-0.00304785
0.486257,-0.00293728
0.489234,-0.00282672
0.49221,-0.00271615
0.495187,-0.00260559
0.498163,-0.00249502
0.50114,-0.00238559
0.504117,-0.00227749
0.507093,-0.0021694
0.51007,-0.00206131
0.513047,-0.00195321
0.516023,-0.00184512
0.519,-0.00173758
0.521977,-0.00163696
0.524953,-0.00153635
0.52793,-0.00143574
0.530907,-0.00133513
0.533883,-0.00123452
0.53686,-0.00113391
0.539837,-0.00104182
0.542813,-0.000951773
0.54579,-0.000861726
0.548767,-0.00077168
0.551743,-0.000681633
0.55472,-0.000591587
0.557697,-0.000508114
0.560673,-0.000427488
0.56365,-0.000348188
0.566627,-0.000273095
0.569603,-0.000199112
0.57258,-0.000125129
0.575557,-5.38936e-05
0.578533,1.38373e-05
0.58151,7.94173e-05
0.584487,0.000141686
0.587463,0.00020227
0.59044,0.000262854
0.593416,0.00032051
0.596393,0.000374705
0.59937,0.000427325
0.602346,0.000477728
0.605323,0.000525304
0.6083,0.000571524
0.611276,0.000615462
0.614253,0.000656645
0.61723,0.000696575
0.620206,0.0007343
0.623183,0.000769794
0.62616,0.00080329
0.629136,0.000835285
0.632113,0.000865044
0.63509,0.000892906
0.638066,0.000919454
0.641043,0.000943366
0.64402,0.000966052
0.646996,0.000987272
0.649973,0.00100653
0.65295,0.00102391
0.655926,0.00104012
0.658903,0.00105457
0.66188,0.00106759
0.664856,0.00107913
0.667833,0.00108944
0.67081,0.00109799
0.673786,0.00110549
0.676763,0.00111199
0.679739,0.00111704
0.682716,0.00112079
0.685693,0.00112338
0.688669,0.00112498
0.691646,0.00112556
0.694623,0.0011249
0.697599,0.00112355
0.700576,0.00112093
0.703553,0.00111748
0.706529,0.00111352
0.709506,0.00110847
0.712483,0.00110281
0.715459,0.00109602
0.718436,0.00108909
0.721413,0.00108122
0.724389,0.00107252
0.727366,0.00106356
0.730343,0.00105375
0.733319,0.00104345
0.736296,0.00103306
0.739273,0.00102177
0.742249,0.00101027
0.745226,0.000998478
0.748203,0.000985823
0.751179,0.000973168
0.754156,0.000960512
0.757133,0.000946631
0.760109,0.000932722
0.763086,0.000918814
0.766062,0.000904905
0.769039,0.000890997
0.772016,0.000877088
0.774992,0.000862628
0.777969,0.000847933
0.780946,0.000833238
0.783922,0.000818542
0.786899,0.000803847
0.789876,0.000789152
0.792852,0.000774303
0.795829,0.000759426
0.798806,0.000744549
0.801782,0.000729671
0.804759,0.000714794
0.807736,0.000699917
0.810712,0.000685254
0.813689,0.000670809
0.816666,0.000656364
0.819642,0.000641919
0.822619,0.000627473
0.825596,0.000613028
0.828572,0.000598956
0.831549,0.000585167
0.834526,0.000571378
0.837502,0.00055759
0.840479,0.000543801
0.843456,0.000530012
0.846432,0.00051709
0.849409,0.000504448
0.852385,0.000491805
0.855362,0.000479163
0.858339,0.00046652
0.861315,0.000453877
0.864292,0.000441731
0.867269,0.000430188
0.870245,0.000418646
0.873222,0.000407103
0.876199,0.00039556
0.879175,0.000384018
0.882152,0.000373049
0.885129,0.000362516
0.888105,0.000351999
0.891082,0.000341695
0.894059,0.000331676
0.897035,0.000322076
0.900012,0.000312404
