# source: refs/nucl-th_0605061.pdf page 7, frame (82.43, 55.92, 296.11, 187.99)
# axes: x [0.0, 1.0], y [0.55, 1.2]
# extracted by tools/digitize_figure.py; provenance in SOURCES.md
# curve R_unpol: colour=(0.182, 0.19, 0.573) dash='[ 1.50769 ] 0' points=252 x=[0.0275, 0.8831]
# curve R_pol_eq26: colour=(0.93, 0.111, 0.141) dash='[] 0' points=251 x=[0.0275, 0.8710]
# curve R_pol_eq23: colour=(0.93, 0.111, 0.141) dash='[ 0 1.50769 ] 0' points=254 x=[0.0275, 0.9078]
# x,R_unpol,R_pol_eq26,R_pol_eq23
0.027522,1.00622,0.920264,0.919147
0.0303429,1.00963,0.920607,0.9195
0.0331638,1.01099,0.920972,0.919867
0.0359848,1.01171,0.921338,0.92024
0.0388057,1.01244,0.921703,0.920606
0.0416266,1.01316,0.92212,0.921032
0.0444475,1.01387,0.922406,0.921316
0.0472684,1.01457,0.92275,0.921657
0.0500893,1.01527,0.923086,0.921994
0.0529102,1.01595,0.923417,0.922326
0.0557312,1.01662,0.923738,0.922645
0.0585521,1.01727,0.924057,0.922965
0.061373,1.0179,0.924366,0.923273
0.0641939,1.01851,0.92467,0.923577
0.0670148,1.01909,0.924958,0.923858
0.0698357,1.01966,0.925261,0.924169
0.0726566,1.02019,0.925553,0.924457
0.0754776,1.0207,0.92581,0.924712
0.0782985,1.02118,0.926113,0.925019
0.0811194,1.02164,0.926385,0.925296
0.0839403,1.02206,0.926657,0.925564
0.0867612,1.02246,0.926916,0.925829
0.0895821,1.02283,0.927177,0.926093
0.092403,1.02316,0.927432,0.926353
0.095224,1.02348,0.927678,0.926605
0.0980449,1.02376,0.927922,0.926849
0.100866,1.02401,0.928155,0.927102
0.103687,1.02424,0.928391,0.927337
0.106508,1.02443,0.928616,0.927572
0.109329,1.0246,0.928839,0.927809
0.112149,1.02475,0.929052,0.928036
0.11497,1.02486,0.929262,0.928257
0.117791,1.02495,0.929465,0.928479
0.120612,1.02501,0.929664,0.928693
0.123433,1.02505,0.929853,0.928904
0.126254,1.02506,0.930039,0.929107
0.129075,1.02505,0.930219,0.929307
0.131896,1.02501,0.930392,0.929505
0.134717,1.02495,0.930561,0.929698
0.137538,1.02486,0.930718,0.929882
0.140359,1.02476,0.930869,0.930063
0.143179,1.02463,0.931014,0.930239
0.146,1.02448,0.931149,0.930409
0.148821,1.0243,0.931284,0.930574
0.151642,1.02411,0.931405,0.930732
0.154463,1.0239,0.931523,0.930888
0.157284,1.02366,0.931633,0.931032
0.160105,1.0234,0.931732,0.931177
0.162926,1.02313,0.931825,0.931314
0.165747,1.02284,0.931913,0.931447
0.168568,1.02253,0.931991,0.931568
0.171389,1.0222,0.932063,0.931686
0.17421,1.02186,0.932124,0.9318
0.17703,1.0215,0.93218,0.931908
0.179851,1.02112,0.932223,0.932007
0.182672,1.02073,0.932261,0.932102
0.185493,1.02032,0.932294,0.932189
0.188314,1.01989,0.93232,0.93227
0.191135,1.01945,0.932333,0.932347
0.193956,1.019,0.932337,0.932413
0.196777,1.01853,0.932335,0.932473
0.199598,1.01805,0.932327,0.932529
0.202419,1.01755,0.932308,0.93258
0.20524,1.01704,0.93228,0.932624
0.208061,1.01652,0.932244,0.932661
0.210881,1.01599,0.932202,0.932689
0.213702,1.01544,0.932152,0.932716
0.216523,1.01488,0.932095,0.93273
0.219344,1.0143,0.932031,0.932742
0.222165,1.01374,0.931953,0.932745
0.224986,1.01315,0.931876,0.93274
0.227807,1.01255,0.931783,0.932732
0.230628,1.01194,0.931687,0.932715
0.233449,1.01132,0.931581,0.932694
0.23627,1.01069,0.931469,0.932667
0.239091,1.01005,0.931348,0.932631
0.241911,1.0094,0.93122,0.932588
0.244732,1.00874,0.931086,0.932541
0.247553,1.00808,0.930939,0.932488
0.250374,1.00741,0.930794,0.932428
0.253195,1.00673,0.930636,0.932363
0.256016,1.00604,0.93047,0.93229
0.258837,1.00534,0.930301,0.932211
0.261658,1.00463,0.930132,0.93213
0.264479,1.00392,0.929942,0.932039
0.2673,1.0032,0.929753,0.931943
0.270121,1.00248,0.929561,0.931842
0.272942,1.00175,0.92936,0.931734
0.275762,1.00101,0.929148,0.931621
0.278583,1.00027,0.928936,0.931501
0.281404,0.99952,0.928719,0.931377
0.284225,0.998766,0.928495,0.931249
0.287046,0.998009,0.928261,0.931116
0.289867,0.997246,0.928024,0.930977
0.292688,0.996477,0.927785,0.930831
0.295509,0.995702,0.927539,0.930681
0.29833,0.994926,0.927291,0.930527
0.301151,0.994147,0.927039,0.930371
0.303972,0.993359,0.926777,0.930208
0.306793,0.992571,0.926515,0.93004
0.309613,0.99178,0.92625,0.929868
0.312434,0.990986,0.925976,0.929691
0.315255,0.990188,0.925699,0.929508
0.318076,0.989388,0.925422,0.929323
0.320897,0.988584,0.925142,0.929135
0.323718,0.987777,0.924858,0.928942
0.326539,0.986968,0.92457,0.928747
0.32936,0.986156,0.924279,0.928546
0.332181,0.985343,0.923987,0.928342
0.335002,0.98453,0.923692,0.928134
0.337823,0.983711,0.923393,0.927923
0.340643,0.982891,0.923093,0.927712
0.343464,0.982073,0.922791,0.927495
0.346285,0.981254,0.922488,0.927276
0.349106,0.980433,0.922185,0.927053
0.351927,0.979611,0.921878,0.926828
0.354748,0.97879,0.92157,0.926603
0.357569,0.977966,0.921261,0.926375
0.36039,0.977141,0.920952,0.926146
0.363211,0.976311,0.920644,0.92591
0.366032,0.975483,0.920335,0.925674
0.368853,0.974656,0.920026,0.925439
0.371674,0.973834,0.919716,0.925199
0.374494,0.973014,0.919406,0.924956
0.377315,0.972192,0.919097,0.924711
0.380136,0.971369,0.918788,0.924466
0.382957,0.970549,0.918483,0.924222
0.385778,0.969731,0.918179,0.923978
0.388599,0.968916,0.917873,0.923729
0.39142,0.968102,0.917569,0.923481
0.394241,0.967289,0.917267,0.923233
0.397062,0.966478,0.916967,0.922984
0.399883,0.965669,0.916667,0.922732
0.402704,0.964862,0.916368,0.922482
0.405525,0.964058,0.916073,0.922233
0.408345,0.963254,0.915781,0.921983
0.411166,0.962451,0.915494,0.921728
0.413987,0.961651,0.915208,0.921475
0.416808,0.960858,0.914923,0.921227
0.419629,0.960067,0.91464,0.920977
0.42245,0.959278,0.914361,0.920724
0.425271,0.958491,0.914084,0.920472
0.428092,0.957708,0.913814,0.920223
0.430913,0.956927,0.913544,0.919974
0.433734,0.956153,0.913282,0.919726
0.436555,0.955379,0.913021,0.919478
0.439375,0.95461,0.912767,0.919231
0.442196,0.953842,0.912513,0.918984
0.445017,0.953083,0.912268,0.918742
0.447838,0.952325,0.912025,0.918501
0.450659,0.951573,0.911786,0.918257
0.45348,0.950824,0.911551,0.918013
0.456301,0.950078,0.911322,0.917772
0.459122,0.949337,0.9111,0.917535
0.461943,0.948598,0.910881,0.917299
0.464764,0.947869,0.910669,0.917065
0.467585,0.94714,0.910457,0.916831
0.470406,0.946421,0.910258,0.916599
0.473226,0.945702,0.910059,0.916367
0.476047,0.944989,0.909869,0.916139
0.478868,0.94428,0.909684,0.915913
0.481689,0.943574,0.909503,0.915689
0.48451,0.942877,0.909333,0.915467
0.487331,0.94218,0.909163,0.915245
0.490152,0.941497,0.909005,0.915029
0.492973,0.940815,0.908847,0.914815
0.495794,0.940139,0.908699,0.914601
0.498615,0.939469,0.90856,0.914389
0.501436,0.9388,0.908422,0.914177
0.504257,0.938143,0.908296,0.91397
0.507077,0.937486,0.908171,0.913763
0.509898,0.936837,0.908056,0.91356
0.512719,0.936193,0.907948,0.91336
0.51554,0.93555,0.907842,0.913161
0.518361,0.934923,0.907755,0.912967
0.521182,0.934295,0.907668,0.912773
0.524003,0.933676,0.90759,0.912582
0.526824,0.933063,0.907519,0.912393
0.529645,0.93245,0.907449,0.912204
0.532466,0.931852,0.907396,0.912021
0.535287,0.931254,0.907343,0.911838
0.538107,0.930662,0.907298,0.911658
0.540928,0.930079,0.907264,0.911481
0.543749,0.929495,0.907231,0.911305
0.54657,0.928926,0.907215,0.911134
0.549391,0.928361,0.907206,0.910966
0.552212,0.927798,0.907198,0.910797
0.555033,0.927248,0.907209,0.910633
0.557854,0.926699,0.90722,0.910468
0.560675,0.926156,0.907237,0.910306
0.563496,0.925626,0.907269,0.910149
0.566317,0.925097,0.907302,0.909992
0.569138,0.924577,0.907347,0.909839
0.571958,0.924065,0.907404,0.909687
0.574779,0.923554,0.90746,0.909536
0.5776,0.923055,0.907534,0.909389
0.580421,0.922561,0.907614,0.909243
0.583242,0.922067,0.907694,0.909098
0.586063,0.921594,0.907798,0.90896
0.588884,0.921122,0.907904,0.908824
0.591705,0.920651,0.908011,0.908687
0.594526,0.920198,0.908141,0.908554
0.597347,0.919746,0.908271,0.90842
0.600168,0.919297,0.908405,0.908288
0.602988,0.918868,0.908564,0.90816
0.605809,0.918438,0.908724,0.908032
0.60863,0.918013,0.908889,0.907904
0.611451,0.917608,0.909078,0.907781
0.614272,0.917203,0.909266,0.907658
0.617093,0.916802,0.90946,0.907537
0.619914,0.916421,0.909679,0.907422
0.622735,0.916041,0.909897,0.907307
0.625556,0.915664,0.910121,0.907192
0.628377,0.915311,0.910375,0.907082
0.631198,0.914959,0.910628,0.906972
0.634019,0.914608,0.910884,0.906862
0.636839,0.914286,0.911174,0.906758
0.63966,0.913965,0.911463,0.906655
0.642481,0.913644,0.911753,0.906551
0.645302,0.913353,0.912081,0.906454
0.648123,0.913064,0.912411,0.906358
0.650944,0.912775,0.912742,0.906261
0.653765,0.912515,0.913106,0.906171
0.656586,0.912264,0.913482,0.906082
0.659407,0.912012,0.913857,0.905993
0.662228,0.911785,0.914258,0.905909
0.665049,0.911578,0.914681,0.905829
0.66787,0.911371,0.915104,0.905749
0.67069,0.911178,0.915543,0.905672
0.673511,0.91102,0.916025,0.905605
0.676332,0.910862,0.916506,0.905538
0.679153,0.910705,0.916987,0.905471
0.681974,0.910604,0.917531,0.905418
0.684795,0.910504,0.918076,0.905365
0.687616,0.910404,0.918621,0.905312
0.690437,0.910346,0.919212,0.905271
0.693258,0.910313,0.919831,0.905236
0.696079,0.910279,0.920449,0.905201
0.6989,0.910265,0.921089,0.905172
0.70172,0.910312,0.921797,0.905162
0.704541,0.910359,0.922505,0.905152
0.707362,0.910406,0.923212,0.905142
0.710183,0.910529,0.924001,0.905157
0.713004,0.910671,0.924812,0.905178
0.715825,0.910813,0.925622,0.905199
0.718646,0.91099,0.926469,0.905233
0.721467,0.911247,0.927403,0.905295
0.724288,0.911505,0.928338,0.905358
0.727109,0.911762,0.929272,0.90542
0.72993,0.912127,0.930321,0.905526
0.732751,0.912526,0.931405,0.905645
0.735571,0.912925,0.93249,0.905765
0.738392,0.913353,0.933605,0.905896
0.741213,0.913922,0.934865,0.906082
0.744034,0.914491,0.936125,0.906269
0.746855,0.915061,0.937386,0.906455
0.749676,0.915741,0.938764,0.906693
0.752497,0.91652,0.940247,0.906976
0.755318,0.917299,0.941731,0.907258
0.758139,0.918078,0.943214,0.907541
0.76096,0.919077,0.944925,0.907929
0.763781,0.920118,0.946678,0.908337
0.766602,0.921158,0.948432,0.908745
0.769422,0.922231,0.950219,0.909169
0.772243,0.923595,0.952311,0.90974
0.775064,0.924959,0.954403,0.910311
0.777885,0.926323,0.956495,0.910882
0.780706,0.927813,0.958717,0.911519
0.783527,0.929587,0.96123,0.912306
0.786348,0.93136,0.963744,0.913093
0.789169,0.933134,0.966258,0.913881
0.79199,0.935145,0.969016,0.9148
0.794811,0.937433,0.972061,0.915875
0.797632,0.93972,0.975106,0.916949
0.800452,0.942008,0.978151,0.918023
0.803273,0.944664,0.981576,0.919312
0.806094,0.947605,0.985296,0.920768
0.808915,0.950547,0.989015,0.922224
0.811736,0.953489,0.992734,0.92368
0.814557,0.956945,0.996984,0.925447
0.817378,0.960731,1.00158,0.927414
0.820199,0.964518,1.00617,0.929381
0.82302,0.968305,1.01076,0.931348
0.825841,0.972749,1.01603,0.933728
0.828662,0.977631,1.02175,0.936384
0.831483,0.982514,1.02748,0.939039
0.834303,0.987396,1.0332,0.941695
0.837124,0.993052,1.03973,0.944853
0.839945,0.999379,1.04696,0.948448
0.842766,1.00571,1.05418,0.952043
0.845587,1.01203,1.0614,0.955638
0.848408,1.01916,1.06946,0.95977
0.851229,1.02743,1.0787,0.964661
0.85405,1.03569,1.08794,0.969552
0.856871,1.04396,1.09718,0.974442
0.859692,1.05285,1.10707,0.979762
0.862513,1.06378,1.11908,0.986475
0.865334,1.07471,1.13109,0.993188
0.868154,1.08563,1.14311,0.999901
0.870975,1.09656,1.15512,1.00661
