# source: refs/1806.00481.pdf page 9, frame (207.03, 116.67, 403.28, 258.42)
# axes: x [0.0, 1.0], y [0.6, 1.2]
# extracted by tools/digitize_figure.py; provenance in SOURCES.md
# curve R_unpol: colour=(0.0, 0.0, 1.0) dash='[] 0' points=61 x=[0.0015, 0.7392]
# curve R_pol: colour=(0.75, 0.0, 0.75) dash='[ 2.4 2.4 ] 0' points=67 x=[0.0015, 0.7392]
# x,R_unpol,R_pol
0.00151957,0.968191,0.880784
0.00398659,0.967462,0.893372
0.00645361,0.967847,0.897905
0.00892062,0.968629,0.900771
0.0113876,0.969575,0.902921
0.0138547,0.97066,0.904665
0.0163217,0.971744,0.906191
0.0187887,0.972821,0.907457
0.0212557,0.973864,0.908631
0.0237227,0.974908,0.909677
0.0261897,0.975951,0.910673
0.0286568,0.976891,0.911548
0.0311238,0.977783,0.912423
0.0335908,0.978675,0.913189
0.0360578,0.979439,0.913928
0.0385248,0.98018,0.914667
0.0409918,0.980884,0.915326
0.0434589,0.981478,0.915954
0.0459259,0.982073,0.916582
0.0483929,0.982606,0.917195
0.0508599,0.983062,0.91773
0.0533269,0.983518,0.918266
0.0557939,0.983872,0.918801
0.058261,0.9842,0.919337
0.060728,0.984527,0.919806
0.063195,0.984761,0.920262
0.065662,0.984968,0.920717
0.068129,0.985175,0.921172
0.070596,0.9853,0.921628
0.0730631,0.985396,0.92202
0.0755301,0.985493,0.922406
0.0779971,0.985553,0.922793
0.0804641,0.985545,0.92318
0.0829311,0.985537,0.923567
0.0853981,0.985529,0.923922
0.0878652,0.985471,0.924248
0.0903322,0.985366,0.924574
0.0927992,0.985261,0.9249
0.0952662,0.985156,0.925226
0.0977332,0.985031,0.925552
0.1002,0.984839,0.925839
0.102667,0.984647,0.926107
0.105134,0.984455,0.926375
0.107601,0.984263,0.926644
0.110068,0.984037,0.926912
0.112535,0.983768,0.92718
0.115002,0.983498,0.927448
0.117469,0.983228,0.92767
0.119936,0.982959,0.927881
0.122403,0.982686,0.928093
0.12487,0.982348,0.928305
0.127337,0.98201,0.928516
0.129804,0.981672,0.928728
0.132271,0.981334,0.928939
0.134738,0.980996,0.92912
0.137205,0.980658,0.929278
0.139672,0.980261,0.929436
0.14214,0.979862,0.929594
0.144607,0.979464,0.929751
0.147074,0.979066,0.929909
0.149541,0.978668,0.930067
0.152008,0.978269,0.93022
0.154475,0.97786,0.930325
0.156942,0.977407,0.930431
0.159409,0.976954,0.930537
0.161876,0.976501,0.930643
0.164343,0.976048,0.930749
0.16681,0.975595,0.930855
0.169277,0.975142,0.930961
0.171744,0.974689,0.931037
0.174211,0.974208,0.931093
0.176678,0.973706,0.931148
0.179145,0.973205,0.931204
0.181612,0.972703,0.93126
0.184079,0.972201,0.931315
0.186546,0.9717,0.931371
0.189013,0.971198,0.931414
0.19148,0.970689,0.931421
0.193947,0.97014,0.931429
0.196414,0.969592,0.931436
0.198881,0.969044,0.931444
0.201348,0.968496,0.931451
0.203815,0.967948,0.931458
0.206282,0.9674,0.931446
0.208749,0.966852,0.931404
0.211216,0.966304,0.931361
0.213683,0.965711,0.931318
0.21615,0.965117,0.931276
0.218617,0.964523,0.931233
0.221084,0.963928,0.93119
0.223551,0.963334,0.931147
0.226018,0.962739,0.931059
0.228485,0.962145,0.930964
0.230952,0.961539,0.93087
0.233419,0.960896,0.930775
0.235886,0.960253,0.93068
0.238353,0.959611,0.930586
0.24082,0.958968,0.930485
0.243287,0.958325,0.930336
0.245754,0.957682,0.930187
0.248221,0.957039,0.930038
0.250688,0.956396,0.929889
0.253155,0.955712,0.929741
0.255622,0.955019,0.929592
0.258089,0.954325,0.929443
0.260556,0.953632,0.929247
0.263023,0.952938,0.929043
0.26549,0.952244,0.928838
0.267957,0.951551,0.928633
0.270424,0.950846,0.928428
0.272891,0.950099,0.928224
0.275358,0.949352,0.927983
0.277825,0.948604,0.927721
0.280292,0.947857,0.927459
0.282759,0.94711,0.927198
0.285226,0.946363,0.926936
0.287693,0.945616,0.926674
0.290161,0.944866,0.926409
0.292628,0.944064,0.926081
0.295095,0.943262,0.925753
0.297562,0.94246,0.925425
0.300029,0.941658,0.925097
0.302496,0.940856,0.92477
0.304963,0.940054,0.924442
0.30743,0.939247,0.924109
0.309897,0.93839,0.923715
0.312364,0.937532,0.923321
0.314831,0.936675,0.922927
0.317298,0.935817,0.922533
0.319765,0.93496,0.922139
0.322232,0.934102,0.921707
0.324699,0.933245,0.921248
0.327166,0.932344,0.920789
0.329633,0.931425,0.92033
0.3321,0.930505,0.919871
0.334567,0.929586,0.919412
0.337034,0.928666,0.918891
0.339501,0.927747,0.918358
0.341968,0.926828,0.917826
0.344435,0.925908,0.917293
0.346902,0.924937,0.91676
0.349369,0.923958,0.916227
0.351836,0.922979,0.915623
0.354303,0.922,0.915006
0.35677,0.921022,0.914389
0.359237,0.920043,0.913773
0.361704,0.919025,0.913156
0.364171,0.917991,0.912539
0.366638,0.916958,0.911875
0.369105,0.915924,0.91118
0.371572,0.91489,0.910485
0.374039,0.913857,0.90979
0.376506,0.912807,0.909075
0.378973,0.911715,0.90831
0.38144,0.910623,0.907545
0.383907,0.909532,0.90678
0.386374,0.90844,0.906015
0.388841,0.907348,0.905186
0.391308,0.906257,0.904345
0.393775,0.905131,0.903504
0.396242,0.903979,0.902663
0.398709,0.902827,0.901801
0.401176,0.901675,0.900876
0.403643,0.900522,0.899952
0.40611,0.89937,0.899028
0.408577,0.898218,0.898104
0.411044,0.897033,0.897131
0.413511,0.895819,0.896117
0.415978,0.894605,0.895103
0.418445,0.893391,0.894089
0.420912,0.892178,0.893076
0.423379,0.890964,0.891995
0.425846,0.88975,0.890884
0.428313,0.888523,0.889773
0.43078,0.887249,0.888663
0.433247,0.885974,0.887552
0.435714,0.8847,0.88637
0.438181,0.883425,0.885156
0.440649,0.882151,0.883942
0.443116,0.880876,0.882729
0.445583,0.879602,0.881515
0.44805,0.878295,0.880241
0.450517,0.876964,0.87892
0.452984,0.875632,0.877599
0.455451,0.874301,0.876277
0.457918,0.872969,0.874956
0.460385,0.871638,0.873605
0.462852,0.870306,0.872173
0.465319,0.868975,0.870742
0.467786,0.867615,0.869311
0.470253,0.866236,0.86788
0.47272,0.864856,0.866449
0.475187,0.863476,0.864928
0.477654,0.862097,0.863389
0.480121,0.860717,0.861849
0.482588,0.859337,0.86031
0.485055,0.857958,0.858771
0.487522,0.856573,0.857209
0.489989,0.855175,0.855571
0.492456,0.853776,0.853933
0.494923,0.852378,0.852295
0.49739,0.850979,0.850657
0.499857,0.849581,0.849019
0.502324,0.848182,0.847344
0.504791,0.846783,0.845626
0.507258,0.845385,0.843908
0.509725,0.843986,0.842191
0.512192,0.842588,0.840473
0.514659,0.841189,0.838755
0.517126,0.839791,0.837021
0.519593,0.838392,0.835273
0.52206,0.836993,0.833525
0.524527,0.835595,0.831776
0.526994,0.834196,0.830028
0.529461,0.832798,0.82828
0.531928,0.831399,0.826532
0.534395,0.830001,0.824783
0.536862,0.828602,0.823035
0.539329,0.827237,0.821287
0.541796,0.825944,0.819539
0.544263,0.824651,0.81779
0.54673,0.823358,0.816042
0.549197,0.822065,0.814294
0.551664,0.820773,0.812546
0.554131,0.81948,0.810797
0.556598,0.818283,0.809154
0.559065,0.817092,0.807517
0.561532,0.815901,0.80588
0.563999,0.814776,0.804308
0.566466,0.813682,0.802766
0.568933,0.812587,0.801224
0.5714,0.811539,0.79973
0.573867,0.810567,0.798315
0.576334,0.809595,0.7969
0.578801,0.808626,0.795488
0.581268,0.807805,0.794235
0.583735,0.806984,0.792982
0.586202,0.806163,0.791729
0.58867,0.805457,0.790601
0.591137,0.80482,0.789549
0.593604,0.804183,0.788497
0.596071,0.803585,0.787487
0.598538,0.80317,0.786679
0.601005,0.802755,0.785871
0.603472,0.80234,0.785063
0.605939,0.802104,0.784452
0.608406,0.801955,0.783938
0.610873,0.801805,0.783423
0.61334,0.801695,0.782951
0.615807,0.801862,0.782786
0.618274,0.80203,0.78262
0.620741,0.802197,0.782454
0.623208,0.802562,0.782506
0.625675,0.803107,0.782755
0.628142,0.803653,0.783005
0.630609,0.804198,0.783254
0.633076,0.805136,0.783931
0.635543,0.806134,0.784674
0.63801,0.807132,0.785416
0.640477,0.808218,0.786253
0.642944,0.809759,0.787582
0.645411,0.811301,0.788912
0.647878,0.812843,0.790241
0.650345,0.814647,0.791852
0.652812,0.816847,0.793884
0.655279,0.819046,0.795917
0.657746,0.821245,0.797949
0.660213,0.823913,0.800477
0.66268,0.826914,0.803358
0.665147,0.829915,0.806238
0.667614,0.832917,0.809119
0.670081,0.836622,0.812736
0.672548,0.840611,0.81665
0.675015,0.8446,0.820564
0.677482,0.84859,0.824477
0.679949,0.853547,0.829393
0.682416,0.858767,0.834581
0.684883,0.863987,0.839768
0.68735,0.869208,0.844956
0.689817,0.875677,0.851423
0.692284,0.882454,0.858205
0.694751,0.889231,0.864988
0.697218,0.896008,0.87177
0.699685,0.904305,0.880096
0.702152,0.913082,0.888908
0.704619,0.921858,0.897719
0.707086,0.930634,0.906531
0.709553,0.941139,0.917084
0.71202,0.952533,0.928531
0.714487,0.963926,0.939978
0.716954,0.97532,0.951426
0.719421,0.988467,0.964628
0.721888,1.00336,0.979578
0.724355,1.01826,0.994529
0.726822,1.03315,1.00948
0.729289,1.0494,1.02577
0.731756,1.06909,1.04551
0.734223,1.08879,1.06524
0.73669,1.10849,1.08497
0.739158,1.12819,1.10471
