# source: refs/2109.03591.pdf page 8, frame (319.3, 92.45, 488.83, 202.55)
# axes: x [0.0, 1.0], y [0.6, 1.2]
# extracted by tools/digitize_figure.py; provenance in SOURCES.md
# curve R_g1: colour=(1.0, 0.0, 0.0) dash='[] 0' points=66 x=[0.0500, 0.9097]
# curve R_deltag: colour=(1.0, 0.0, 0.0) dash='[ 2.8102425 1.21524 ] 0' points=56 x=[0.0476, 0.8259]
# x,R_g1,R_deltag
0.0500208,0.80618,0.802012
0.0526157,0.806018,0.80291
0.0552106,0.805986,0.803808
0.0578055,0.806553,0.804707
0.0604004,0.80712,0.805549
0.0629953,0.807688,0.806297
0.0655902,0.808255,0.807045
0.0681851,0.808822,0.807792
0.07078,0.809454,0.80854
0.0733749,0.810112,0.80919
0.0759698,0.81077,0.809815
0.0785647,0.811427,0.810439
0.0811596,0.812085,0.811063
0.0837545,0.812743,0.811665
0.0863494,0.813401,0.812184
0.0889443,0.814142,0.812703
0.0915392,0.814992,0.813221
0.0941341,0.815578,0.81374
0.096729,0.816002,0.813858
0.0993239,0.816189,0.813745
0.101919,0.816316,0.813793
0.104514,0.81692,0.814152
0.107109,0.817536,0.814511
0.109704,0.818152,0.81487
0.112298,0.818768,0.815228
0.114893,0.819384,0.815587
0.117488,0.82,0.815946
0.120083,0.820616,0.816232
0.122678,0.820995,0.816436
0.125273,0.82127,0.81664
0.127868,0.821781,0.816845
0.130463,0.822325,0.817049
0.133058,0.822869,0.817254
0.135653,0.823413,0.817458
0.138247,0.823957,0.817662
0.140842,0.824501,0.817867
0.143437,0.825044,0.818071
0.146032,0.825546,0.818276
0.148627,0.826019,0.818477
0.151222,0.826491,0.818572
0.153817,0.826964,0.818666
0.156412,0.827437,0.81876
0.159007,0.827909,0.818855
0.161602,0.828382,0.818949
0.164196,0.82883,0.819043
0.166791,0.829225,0.819126
0.169386,0.829621,0.819144
0.171981,0.830016,0.819163
0.174576,0.830411,0.819181
0.177171,0.830806,0.8192
0.179766,0.831202,0.819218
0.182361,0.831594,0.819237
0.184956,0.8319,0.819236
0.187551,0.832205,0.819187
0.190145,0.832511,0.819138
0.19274,0.832817,0.819089
0.195335,0.833122,0.81904
0.19793,0.833428,0.818991
0.200525,0.833734,0.818942
0.20312,0.833965,0.81887
0.205715,0.834173,0.818763
0.20831,0.83438,0.818657
0.210905,0.834587,0.81855
0.2135,0.834794,0.818444
0.216094,0.835001,0.818337
0.218689,0.835208,0.818231
0.221284,0.835366,0.818094
0.223879,0.83547,0.817931
0.226474,0.835573,0.817768
0.229069,0.835676,0.817605
0.231664,0.83578,0.817443
0.234259,0.835883,0.81728
0.236854,0.835986,0.817117
0.239449,0.83607,0.816954
0.242043,0.836069,0.816791
0.244638,0.836067,0.816609
0.247233,0.836065,0.816395
0.249828,0.836064,0.816181
0.252423,0.836062,0.815967
0.255018,0.836061,0.815753
0.257613,0.836059,0.815539
0.260208,0.835965,0.815325
0.262803,0.835861,0.815112
0.265398,0.835757,0.814898
0.267992,0.835653,0.814674
0.270587,0.835549,0.814417
0.273182,0.835445,0.814161
0.275777,0.835341,0.813904
0.278372,0.835174,0.813647
0.280967,0.83497,0.813391
0.283562,0.834765,0.813134
0.286157,0.834561,0.812877
0.288752,0.834356,0.812621
0.291347,0.834152,0.812364
0.293941,0.833947,0.812107
0.296536,0.833712,0.811851
0.299131,0.833418,0.811594
0.301726,0.833123,0.811337
0.304321,0.832829,0.811075
0.306916,0.832534,0.810806
0.309511,0.83224,0.810538
0.312106,0.831946,0.810269
0.314701,0.831646,0.810001
0.317296,0.831272,0.809732
0.31989,0.830897,0.809464
0.322485,0.830523,0.809195
0.32508,0.830148,0.808926
0.327675,0.829774,0.808658
0.33027,0.829399,0.808389
0.332865,0.829025,0.808121
0.33546,0.828591,0.807852
0.338055,0.82814,0.807584
0.34065,0.82769,0.807315
0.343245,0.827239,0.807047
0.345839,0.826788,0.806778
0.348434,0.826338,0.80651
0.351029,0.825887,0.806241
0.353624,0.825437,0.805972
0.356219,0.824986,0.805704
0.358814,0.824488,0.805435
0.361409,0.823967,0.805167
0.364004,0.823445,0.804898
0.366599,0.822924,0.80463
0.369194,0.822403,0.804361
0.371788,0.821882,0.804093
0.374383,0.821361,0.803824
0.376978,0.82084,0.803555
0.379573,0.820319,0.803287
0.382168,0.819798,0.803018
0.384763,0.819277,0.80275
0.387358,0.818714,0.802481
0.389953,0.818138,0.802213
0.392548,0.817562,0.801944
0.395143,0.816986,0.801676
0.397737,0.81641,0.801407
0.400332,0.815833,0.801139
0.402927,0.815257,0.80087
0.405522,0.814681,0.800601
0.408117,0.814105,0.800333
0.410712,0.813529,0.800064
0.413307,0.812953,0.799796
0.415902,0.812377,0.799527
0.418497,0.811801,0.799259
0.421092,0.811225,0.79899
0.423686,0.810648,0.798782
0.426281,0.810067,0.798599
0.428876,0.809487,0.798416
0.431471,0.808907,0.798233
0.434066,0.808327,0.79805
0.436661,0.807746,0.797867
0.439256,0.807166,0.797684
0.441851,0.806586,0.797501
0.444446,0.806006,0.797318
0.447041,0.805425,0.797135
0.449635,0.804845,0.796952
0.45223,0.804265,0.796785
0.454825,0.803685,0.796668
0.45742,0.803105,0.79655
0.460015,0.802524,0.796432
0.46261,0.801944,0.796315
0.465205,0.801364,0.796197
0.4678,0.800784,0.79608
0.470395,0.800203,0.795962
0.47299,0.799623,0.795844
0.475584,0.799043,0.795733
0.478179,0.798463,0.795687
0.480774,0.797882,0.795641
0.483369,0.797302,0.795595
0.485964,0.796722,0.795549
0.488559,0.796142,0.795503
0.491154,0.795561,0.795457
0.493749,0.794981,0.795411
0.496344,0.794401,0.795365
0.498939,0.793821,0.795319
0.501533,0.79324,0.795348
0.504128,0.79266,0.795383
0.506723,0.79208,0.795418
0.509318,0.7915,0.795453
0.511913,0.790919,0.795488
0.514508,0.790339,0.795523
0.517103,0.789759,0.795564
0.519698,0.789179,0.795681
0.522293,0.788598,0.795797
0.524888,0.788018,0.795914
0.527482,0.787448,0.796031
0.530077,0.786936,0.796148
0.532672,0.786424,0.796265
0.535267,0.785912,0.796401
0.537862,0.7854,0.796614
0.540457,0.784888,0.796828
0.543052,0.784377,0.797041
0.545647,0.783865,0.797254
0.548242,0.783353,0.797467
0.550837,0.782841,0.797681
0.553431,0.782329,0.797931
0.556026,0.781817,0.798256
0.558621,0.781305,0.798582
0.561216,0.780793,0.798908
0.563811,0.780281,0.799233
0.566406,0.7798,0.799559
0.569001,0.779339,0.799885
0.571596,0.778879,0.800264
0.574191,0.778418,0.800706
0.576786,0.777958,0.801149
0.57938,0.777498,0.801591
0.581975,0.777037,0.802033
0.58457,0.776574,0.802568
0.587165,0.776103,0.803116
0.58976,0.775632,0.803664
0.592355,0.775161,0.804211
0.59495,0.77469,0.804796
0.597545,0.774219,0.805468
0.60014,0.773748,0.80614
0.602735,0.773277,0.806811
0.605329,0.772806,0.807483
0.607924,0.772335,0.808257
0.610519,0.771864,0.809071
0.613114,0.771403,0.809885
0.615709,0.770958,0.810699
0.618304,0.770513,0.811536
0.620899,0.770068,0.812513
0.623494,0.769611,0.813491
0.626089,0.769149,0.814468
0.628684,0.768687,0.815445
0.631278,0.768241,0.816509
0.633873,0.767941,0.81764
0.636468,0.767642,0.818771
0.639063,0.767342,0.819903
0.641658,0.767043,0.821034
0.644253,0.766743,0.822353
0.646848,0.766555,0.823676
0.649443,0.766429,0.824999
0.652038,0.766303,0.826322
0.654633,0.766177,0.827738
0.657227,0.766044,0.829292
0.659822,0.765911,0.830846
0.662417,0.765779,0.8324
0.665012,0.765646,0.833955
0.667607,0.765513,0.835735
0.670202,0.765358,0.837564
0.672797,0.765185,0.839393
0.675392,0.765011,0.841223
0.677987,0.764837,0.843124
0.680582,0.764663,0.845248
0.683176,0.764489,0.847373
0.685771,0.764315,0.849498
0.688366,0.764167,0.851623
0.690961,0.764092,0.853946
0.693556,0.764017,0.856369
0.696151,0.763942,0.858877
0.698746,0.763866,0.861527
0.701341,0.763791,0.864196
0.703936,0.763716,0.867078
0.706531,0.763641,0.869961
0.709125,0.763566,0.873035
0.71172,0.763491,0.876159
0.714315,0.763416,0.879432
0.71691,0.763262,0.882851
0.719505,0.762953,0.886325
0.7221,0.762736,0.890001
0.724695,0.762602,0.893677
0.72729,0.76268,0.89759
0.729885,0.76285,0.901523
0.73248,0.763256,0.905636
0.735074,0.763712,0.909853
0.737669,0.76444,0.914179
0.740264,0.765167,0.918711
0.742859,0.765895,0.923263
0.745454,0.766734,0.928144
0.748049,0.76773,0.933026
0.750644,0.768969,0.938288
0.753239,0.770373,0.943666
0.755834,0.771776,0.949235
0.758429,0.77318,0.955013
0.761023,0.774676,0.960871
0.763618,0.776176,0.967076
0.766213,0.777677,0.973282
0.768808,0.779177,0.979937
0.771403,0.780677,0.986644
0.773998,0.782177,0.993704
0.776593,0.783678,1.00099
0.779188,0.785178,1.0085
0.781783,0.786678,1.01646
0.784378,0.788423,1.02445
0.786972,0.790234,1.03296
0.789567,0.792731,1.04147
0.792162,0.795288,1.05064
0.794757,0.798068,1.06003
0.797352,0.800654,1.06997
0.799947,0.802938,1.08057
0.802542,0.805222,1.09138
0.805137,0.807506,1.10333
0.807732,0.809692,1.11527
0.810327,0.811845,1.12853
0.812921,0.813998,1.14199
0.815516,0.816144,1.15645
0.818111,0.81823,1.17162
0.820706,0.819846,1.18314
0.823301,0.820314,1.1857
0.825896,0.821882,1.18826
