# source: refs/2109.03591.pdf page 8, frame (117.25, 92.06, 287.23, 202.45)
# axes: x [0.0, 1.0], y [0.6, 1.2]
# extracted by tools/digitize_figure.py; provenance in SOURCES.md
# curve R_F2_nlo: colour=(1.0, 0.0, 0.0) dash='[] 0' points=63 x=[0.0467, 0.9114]
# curve R_gluon_nlo: colour=(1.0, 0.0, 0.0) dash='[ 2.8176797 1.218456 ] 0' points=52 x=[0.0467, 0.8179]
# curve R_F2_nnlo: colour=(0.0, 0.0, 1.0) dash='[] 0' points=58 x=[0.0467, 0.9114]
# curve R_gluon_nnlo: colour=(0.0, 0.0, 1.0) dash='[ 2.8176797 1.218456 ] 0' points=49 x=[0.0467, 0.8062]
# x,R_F2_nlo,R_gluon_nlo,R_F2_nnlo,R_gluon_nnlo
0.0467489,1.03006,0.997275,1.02866,0.994514
0.049289,1.03168,0.996411,1.02897,0.993602
0.0518291,1.03331,0.995547,1.02929,0.99269
0.0543693,1.03493,0.994683,1.02973,0.991778
0.0569094,1.03655,0.993819,1.03023,0.990866
0.0594495,1.03806,0.992955,1.03073,0.989954
0.0619896,1.0394,0.992092,1.03123,0.989041
0.0645297,1.04074,0.991228,1.03173,0.988129
0.0670698,1.04208,0.990364,1.03232,0.987217
0.0696099,1.04342,0.9895,1.03291,0.986305
0.07215,1.04454,0.988636,1.0335,0.985393
0.0746902,1.04561,0.987772,1.03408,0.984481
0.0772303,1.04667,0.986908,1.03467,0.983569
0.0797704,1.04773,0.986044,1.03526,0.982656
0.0823105,1.04874,0.98518,1.03585,0.981744
0.0848506,1.04953,0.984317,1.03644,0.980832
0.0873907,1.05032,0.983453,1.03702,0.97992
0.0899308,1.05112,0.982567,1.03761,0.979008
0.0924709,1.05191,0.981679,1.0382,0.978096
0.0950111,1.05254,0.980791,1.03879,0.977184
0.0975512,1.05308,0.979904,1.03937,0.976271
0.100091,1.05361,0.978865,1.0399,0.975228
0.102631,1.05414,0.977474,1.04029,0.97388
0.105172,1.05467,0.976084,1.04068,0.972532
0.107712,1.05501,0.975162,1.04107,0.971592
0.110252,1.05534,0.974239,1.04146,0.970651
0.112792,1.05554,0.973317,1.04172,0.96971
0.115332,1.05568,0.972395,1.04193,0.968769
0.117872,1.05583,0.971473,1.04214,0.967829
0.120412,1.05597,0.970551,1.04235,0.966888
0.122952,1.0561,0.969628,1.04254,0.965947
0.125492,1.05606,0.968706,1.04256,0.965007
0.128033,1.05602,0.967784,1.04257,0.964066
0.130573,1.05598,0.966862,1.04259,0.963125
0.133113,1.05594,0.965939,1.0426,0.962184
0.135653,1.05581,0.965017,1.04252,0.961244
0.138193,1.05558,0.964095,1.04233,0.960303
0.140733,1.05536,0.963173,1.04214,0.959362
0.143273,1.05513,0.962251,1.04196,0.958422
0.145813,1.05491,0.961328,1.04177,0.957481
0.148353,1.05453,0.960406,1.04141,0.95654
0.150894,1.05414,0.959484,1.04103,0.955599
0.153434,1.05375,0.958562,1.04065,0.954659
0.155974,1.05336,0.95764,1.04027,0.953718
0.158514,1.05292,0.956717,1.03984,0.952777
0.161054,1.05239,0.955795,1.03928,0.951837
0.163594,1.05185,0.954873,1.03872,0.950896
0.166134,1.05131,0.953958,1.03816,0.949955
0.168674,1.05078,0.953043,1.0376,0.949014
0.171214,1.05015,0.952128,1.03692,0.948074
0.173755,1.04948,0.951213,1.0362,0.947133
0.176295,1.04882,0.950298,1.03548,0.946192
0.178835,1.04815,0.949383,1.03476,0.945252
0.181375,1.04747,0.948468,1.03402,0.944311
0.183915,1.04669,0.947553,1.03316,0.94337
0.186455,1.04591,0.946638,1.0323,0.942429
0.188995,1.04513,0.945723,1.03143,0.941489
0.191535,1.04435,0.944808,1.03057,0.940548
0.194075,1.04351,0.943892,1.02965,0.939607
0.196616,1.0426,0.942977,1.02867,0.938667
0.199156,1.0417,0.942062,1.02769,0.937726
0.201696,1.0408,0.941147,1.02671,0.936785
0.204236,1.03989,0.940232,1.02573,0.935845
0.206776,1.03899,0.939317,1.02465,0.934904
0.209316,1.03808,0.938402,1.02356,0.933963
0.211856,1.0371,0.937487,1.02246,0.933022
0.214396,1.03607,0.936572,1.02137,0.932082
0.216936,1.03504,0.935657,1.02028,0.931141
0.219477,1.03401,0.934742,1.01919,0.9302
0.222017,1.03298,0.933827,1.01809,0.92926
0.224557,1.03196,0.932912,1.0169,0.928319
0.227097,1.03093,0.931997,1.0157,0.927378
0.229637,1.02982,0.931082,1.01451,0.926437
0.232177,1.02869,0.930167,1.01331,0.925497
0.234717,1.02755,0.929252,1.01212,0.924581
0.237257,1.02642,0.928337,1.01092,0.923703
0.239797,1.02529,0.927426,1.00973,0.922825
0.242338,1.02415,0.926551,1.00853,0.921948
0.244878,1.02302,0.925677,1.00733,0.92107
0.247418,1.02182,0.924803,1.00611,0.920192
0.249958,1.0206,0.923928,1.00488,0.919314
0.252498,1.01938,0.923054,1.00365,0.918436
0.255038,1.01816,0.922179,1.00242,0.917559
0.257578,1.01694,0.921305,1.00118,0.916681
0.260118,1.01572,0.920431,0.999952,0.915803
0.262658,1.0145,0.919556,0.99872,0.914925
0.265199,1.01321,0.918682,0.997489,0.914047
0.267739,1.01191,0.917807,0.996257,0.913169
0.270279,1.01061,0.916933,0.995025,0.912321
0.272819,1.00931,0.916058,0.993794,0.911493
0.275359,1.00801,0.915184,0.992562,0.910664
0.277899,1.00672,0.91431,0.99133,0.909836
0.280439,1.00542,0.913435,0.990099,0.909007
0.282979,1.00412,0.912606,0.988867,0.908179
0.285519,1.00282,0.911777,0.987636,0.90735
0.28806,1.00147,0.910949,0.986404,0.906522
0.2906,1.0001,0.91012,0.985172,0.905693
0.29314,0.998723,0.909291,0.983941,0.904865
0.29568,0.997351,0.908462,0.982709,0.904036
0.29822,0.995978,0.907633,0.981477,0.903208
0.30076,0.994606,0.906804,0.980246,0.90238
0.3033,0.993233,0.905975,0.979014,0.901551
0.30584,0.99186,0.905146,0.977783,0.900767
0.30838,0.990488,0.904317,0.976551,0.899994
0.310921,0.989115,0.903489,0.975319,0.899221
0.313461,0.987743,0.90266,0.974088,0.898448
0.316001,0.986359,0.901841,0.972856,0.897676
0.318541,0.984931,0.901062,0.971624,0.896903
0.321081,0.983502,0.900283,0.970393,0.89613
0.323621,0.982074,0.899504,0.969161,0.895357
0.326161,0.980646,0.898725,0.96793,0.894584
0.328701,0.979217,0.897946,0.966698,0.893811
0.331242,0.977789,0.897166,0.965466,0.893038
0.333782,0.976361,0.896387,0.964235,0.892283
0.336322,0.974933,0.895608,0.963003,0.89157
0.338862,0.973504,0.894829,0.961771,0.890856
0.341402,0.972076,0.89405,0.960611,0.890143
0.343942,0.970648,0.893271,0.95945,0.88943
0.346482,0.96922,0.89253,0.958289,0.888716
0.349022,0.967791,0.891806,0.957128,0.888003
0.351562,0.966363,0.891081,0.955967,0.887289
0.354103,0.964935,0.890356,0.954806,0.886576
0.356643,0.963506,0.889632,0.953645,0.885863
0.359183,0.962073,0.888907,0.952484,0.885149
0.361723,0.960639,0.888182,0.951323,0.884436
0.364263,0.959206,0.887458,0.950162,0.883771
0.366803,0.957772,0.886733,0.949001,0.883119
0.369343,0.956339,0.886008,0.94784,0.882467
0.371883,0.954905,0.885284,0.946679,0.881814
0.374423,0.953472,0.884572,0.945518,0.881162
0.376964,0.952038,0.88391,0.944357,0.88051
0.379504,0.950605,0.883249,0.943196,0.879858
0.382044,0.949171,0.882588,0.942035,0.879205
0.384584,0.947738,0.881926,0.940875,0.878553
0.387124,0.946305,0.881265,0.939713,0.877938
0.389664,0.944871,0.880604,0.93855,0.877347
0.392204,0.943438,0.879942,0.937388,0.876756
0.394744,0.942004,0.879281,0.936225,0.876165
0.397284,0.940571,0.87862,0.935063,0.875574
0.399825,0.939137,0.877958,0.9339,0.874983
0.402365,0.937704,0.877297,0.932738,0.874392
0.404905,0.93627,0.876682,0.931575,0.873801
0.407445,0.934837,0.876086,0.930413,0.87321
0.409985,0.933403,0.87549,0.92925,0.872646
0.412525,0.93197,0.874894,0.928088,0.872124
0.415065,0.930536,0.874298,0.926925,0.871602
0.417605,0.929103,0.873702,0.925763,0.871079
0.420145,0.927669,0.873106,0.9246,0.870557
0.422686,0.926236,0.872511,0.923438,0.870035
0.425226,0.924802,0.871915,0.922275,0.869513
0.427766,0.923397,0.871352,0.921113,0.86899
0.430306,0.92202,0.870823,0.91995,0.868468
0.432846,0.920643,0.870294,0.918787,0.867961
0.435386,0.919265,0.869765,0.917625,0.867517
0.437926,0.917888,0.869236,0.916462,0.867073
0.440466,0.916511,0.868707,0.9153,0.866628
0.443006,0.915134,0.868178,0.914137,0.866184
0.445547,0.913756,0.867649,0.912975,0.865739
0.448087,0.912379,0.86712,0.911812,0.865295
0.450627,0.911002,0.866613,0.910648,0.864851
0.453167,0.909625,0.866159,0.909477,0.864406
0.455707,0.908248,0.865705,0.908307,0.863962
0.458247,0.90687,0.86525,0.907137,0.863594
0.460787,0.905493,0.864796,0.905967,0.863227
0.463327,0.904155,0.864342,0.904797,0.862859
0.465867,0.902834,0.863887,0.903627,0.862491
0.468408,0.901513,0.863433,0.902457,0.862123
0.470948,0.900191,0.862979,0.901287,0.861756
0.473488,0.89887,0.862532,0.900116,0.861396
0.476028,0.897549,0.862153,0.898946,0.861102
0.478568,0.896228,0.861774,0.897776,0.860809
0.481108,0.894907,0.861395,0.896606,0.860515
0.483648,0.893585,0.861017,0.895436,0.860222
0.486188,0.892264,0.860638,0.894266,0.859928
0.488728,0.890943,0.860259,0.893096,0.859635
0.491269,0.889633,0.859895,0.891925,0.859358
0.493809,0.88837,0.859589,0.890755,0.859149
0.496349,0.887108,0.859284,0.889585,0.85894
0.498889,0.885845,0.858978,0.888415,0.858731
0.501429,0.884582,0.858673,0.887245,0.858522
0.503969,0.883319,0.858367,0.886075,0.858312
0.506509,0.882056,0.858061,0.884905,0.858103
0.509049,0.880793,0.857781,0.883734,0.857923
0.511589,0.87953,0.857557,0.882564,0.857809
0.51413,0.878267,0.857334,0.881394,0.857695
0.51667,0.877004,0.857111,0.880224,0.857582
0.51921,0.875741,0.856888,0.879054,0.857468
0.52175,0.87452,0.856664,0.877937,0.857354
0.52429,0.873317,0.856441,0.876843,0.857241
0.52683,0.872114,0.856257,0.875749,0.85717
0.52937,0.870911,0.85613,0.874655,0.857165
0.53191,0.869708,0.856003,0.873561,0.85716
0.53445,0.868505,0.855876,0.872467,0.857155
0.536991,0.867302,0.855749,0.871374,0.85715
0.539531,0.866099,0.855622,0.87028,0.857145
0.542071,0.864896,0.855495,0.869186,0.85714
0.544611,0.863693,0.855421,0.868129,0.857197
0.547151,0.862489,0.855402,0.867109,0.857316
0.549691,0.8613,0.855382,0.866089,0.857436
0.552231,0.860162,0.855362,0.86507,0.857556
0.554771,0.859025,0.855342,0.86405,0.857675
0.557312,0.857887,0.855322,0.86303,0.857795
0.559852,0.85675,0.855302,0.86201,0.857915
0.562392,0.855613,0.855343,0.86104,0.858106
0.564932,0.854475,0.855426,0.860101,0.858344
0.567472,0.853338,0.855509,0.859163,0.858583
0.570012,0.8522,0.855592,0.858225,0.858822
0.572552,0.851063,0.855675,0.857287,0.85906
0.575092,0.849926,0.855855,0.856349,0.859412
0.577632,0.848788,0.856034,0.855411,0.859763
0.580173,0.847693,0.856214,0.85454,0.860115
0.582713,0.846616,0.856394,0.853697,0.860466
0.585253,0.84554,0.856615,0.852854,0.860867
0.587793,0.844463,0.856899,0.852012,0.861341
0.590333,0.843386,0.857184,0.851169,0.861816
0.592873,0.842309,0.857468,0.850326,0.862291
0.595413,0.841232,0.857753,0.849484,0.862766
0.597953,0.840156,0.858135,0.848725,0.863349
0.600493,0.839079,0.858541,0.847988,0.863959
0.603034,0.838041,0.858948,0.84725,0.86457
0.605574,0.837041,0.859354,0.846513,0.86518
0.608114,0.836041,0.859788,0.845775,0.86582
0.610654,0.835041,0.86033,0.845037,0.866582
0.613194,0.834041,0.860873,0.8443,0.867343
0.615734,0.833041,0.861415,0.843662,0.868104
0.618274,0.832042,0.861958,0.843034,0.868866
0.620814,0.831042,0.862592,0.842407,0.869732
0.623354,0.830042,0.863289,0.84178,0.870667
0.625895,0.829068,0.863985,0.841153,0.871603
0.628435,0.828155,0.864681,0.840526,0.872539
0.630975,0.827242,0.865377,0.839899,0.873475
0.633515,0.826328,0.866226,0.839382,0.874591
0.636055,0.825415,0.867074,0.838866,0.875707
0.638595,0.824502,0.867923,0.838349,0.876823
0.641135,0.823589,0.868771,0.837833,0.87794
0.643675,0.822676,0.869693,0.837316,0.879141
0.646215,0.821762,0.870726,0.8368,0.880469
0.648756,0.820858,0.871758,0.836294,0.881797
0.651296,0.82003,0.872791,0.835884,0.883125
0.653836,0.819203,0.873823,0.835475,0.884453
0.656376,0.818375,0.875028,0.835065,0.885986
0.658916,0.817547,0.876277,0.834656,0.887569
0.661456,0.816777,0.877525,0.834247,0.889152
0.663996,0.816064,0.878773,0.833837,0.890736
0.666536,0.815351,0.880072,0.833448,0.892379
0.669076,0.814638,0.881573,0.83314,0.894262
0.671617,0.813925,0.883074,0.832832,0.896144
0.674157,0.813212,0.884575,0.832524,0.898027
0.676697,0.812499,0.886076,0.832216,0.89991
0.679237,0.811851,0.887741,0.831909,0.90199
0.681777,0.811247,0.889516,0.831601,0.904202
0.684317,0.810643,0.891291,0.831322,0.906414
0.686857,0.810038,0.893065,0.831112,0.908626
0.689397,0.809434,0.89484,0.830901,0.910838
0.691937,0.808961,0.89688,0.830691,0.913342
0.694478,0.808488,0.898921,0.830481,0.915847
0.697018,0.808015,0.901099,0.830271,0.918502
0.699558,0.807542,0.903337,0.83006,0.921221
0.702098,0.807069,0.905658,0.82989,0.924031
0.704638,0.806596,0.908103,0.829781,0.926977
0.707178,0.806124,0.910568,0.829672,0.929947
0.709718,0.805651,0.913228,0.829562,0.933133
0.712258,0.805178,0.915887,0.829453,0.936319
0.714798,0.804777,0.918756,0.829344,0.939746
0.717339,0.804395,0.921676,0.829234,0.943233
0.719879,0.804013,0.924714,0.829185,0.946854
0.722419,0.803631,0.927869,0.829195,0.950608
0.724959,0.803293,0.931071,0.829204,0.954416
0.727499,0.803134,0.934459,0.829214,0.958435
0.730039,0.802974,0.937847,0.829224,0.962454
0.732579,0.802994,0.941465,0.829234,0.966737
0.735119,0.803033,0.945109,0.829244,0.97105
0.737659,0.803073,0.948923,0.829331,0.975561
0.7402,0.803112,0.952851,0.82947,0.980204
0.74274,0.803212,0.956872,0.829609,0.984957
0.74528,0.803454,0.961112,0.829749,0.989969
0.74782,0.803695,0.965352,0.829888,0.99498
0.75036,0.803937,0.970006,0.830167,1.00042
0.7529,0.804178,0.974659,0.830446,1.00586
0.75544,0.804541,0.979578,0.830726,1.01162
0.75798,0.804956,0.98461,0.831005,1.01752
0.760521,0.805371,0.989797,0.831359,1.02362
0.763061,0.805786,0.995215,0.831826,1.03003
0.765601,0.806225,1.00068,0.832293,1.03649
0.768141,0.806877,1.00654,0.832759,1.04346
0.770681,0.807528,1.0124,0.833226,1.05043
0.773221,0.808179,1.01867,0.833837,1.05792
0.775761,0.808831,1.02505,0.834484,1.06554
0.778301,0.809546,1.03171,0.835204,1.07352
0.780841,0.810326,1.03867,0.835998,1.08187
0.783382,0.811137,1.04575,0.836825,1.09035
0.785922,0.812071,1.05326,0.837789,1.09942
0.788462,0.813004,1.06078,0.838752,1.10848
0.791002,0.814085,1.06888,0.839894,1.11827
0.793542,0.815181,1.07705,0.841055,1.12815
0.796082,0.816433,1.08582,0.842352,1.13874
0.798622,0.817788,1.09499,0.843742,1.1498
0.801162,0.81923,1.1045,0.84521,1.16126
0.803702,0.820876,1.1148,0.846862,1.17365
0.806243,0.822521,1.12509,0.848514,1.18603
